"id","intercept_x01","time_1_x01","intercept_x02","time_1_x02","intercept_x03","time_1_x03","intercept_x04","time_1_x04","intercept_x05","time_1_x05","intercept_x06","time_1_x06","intercept_x07","time_1_x07","intercept_x08","time_1_x08","intercept_x09","time_1_x09","intercept_x10","time_1_x10","intercept_x11","time_1_x11","intercept_x12","time_1_x12","intercept_x13","time_1_x13","intercept_x14","time_1_x14","intercept_x15","time_1_x15","intercept_x16","time_1_x16","intercept_x17","time_1_x17","intercept_x18","time_1_x18"
1,-0.63228975911387,2.3800640423972,-0.369892775562257,-1.61938975117714,-0.763045437102225,0.744590322346564,0.571272197257335,2.0685842189434,-1.49681202839069,-0.2942746060754,-0.00391548800703238,2.94850436366521,-0.178484763895899,-0.562179690778154,0.744741017011256,-0.881025871149423,0.0518798067957888,2.13151531112609,-1.72179685522987,1.85054971835813,-0.876754073125088,2.26193303918337,1.29277117534297,0.827309982793609,-0.727439323374653,0.781068282999807,0.400145473593194,-0.572336099283098,-0.322664371866557,2.13856326815572,0.0158027372719502,1.8257676795572,-0.283988297898745,1.41811041736879,-1.12598985169249,0.724935253950037
2,-1.16290398309916,-0.0380338049745152,1.35814026250822,0.0781091859498656,-1.38270826679528,-1.06698922038939,-1.07543102861184,-0.668156094875002,-1.51005786590283,-1.22622427865491,-1.35133310817202,-1.00008511311583,-0.559604328948446,0.336306548014146,0.0486830408536932,-0.107583230692899,-0.942989306012998,0.0142809850448334,0.693481998421247,-1.54764052394023,-1.56056558497383,-0.90988329594412,-1.84610493979807,-1.24809322529033,-0.93355004381489,-0.234109010422988,-1.10741884171608,-0.326582655830886,0.398441678001378,-0.381418596932162,-0.832656493532891,0.287676841007571,-0.453629915520917,0.122263679852407,0.520592358461502,0.501992526797326
3,-0.289667681826796,-1.08944138078125,0.186899609684933,0.461927724825159,-0.621724796093601,-1.00841202732335,0.0757563347903309,-0.554213649943531,-1.04260779903404,-1.03324515957419,-0.0446029567954692,-0.468332827032767,0.811983733522195,-0.701594461123899,-0.659183189138905,0.790327608319023,-0.7757378692251,-0.0591580071740853,-0.542409256359784,-0.570798327952346,-1.81044980268291,-0.920067295316884,0.812427274260244,0.315286150721046,-0.765543713831742,0.198885001168692,-1.32501344342795,-0.0350960931558988,-0.0370002142078723,-0.31852220493358,-0.850855303230449,-0.420147606458343,0.123173711930391,-0.466436267595643,-0.78688596975506,0.417253519122915
4,1.02127148559101,-0.281612617236634,-0.0600473031437855,0.149572048536191,-0.141759000195054,-0.636275128595665,1.24356979284089,-0.332588539329988,1.55435341940266,1.51986411155972,-0.682022849826069,0.0926820892597372,0.316003017986017,-0.0751889131194106,-2.14289134874991,1.68620380910231,-0.577904949768284,0.879738603937334,-0.29141329342108,1.09138140349388,-0.424237566098685,0.924625350277736,0.125385484726072,-0.125390845026869,-0.0428055405844404,-0.0566134677988507,-1.94459383798028,0.21022824452266,-1.67043224863122,-1.66916237294308,1.34474213354194,-0.669701619298061,0.849035278678272,-0.756280026871612,-0.0425144271728671,0.333727595113328
5,-0.105397331398177,1.27422762854195,0.301437102156965,-0.221399720532158,-1.45174044931642,-0.794165238405284,0.32375954458906,2.14937770228349,-0.222027230918534,2.43288974448009,-0.788035206366581,-0.273907107760281,-0.717591942367074,1.16022519768441,0.678192196900901,-0.515139387869272,-0.93712922278938,0.746597020030246,-1.0596548886716,0.165001550387798,-0.467368731432953,-0.136127109762686,0.841163128797011,1.0094210037554,-1.03717678533276,2.09255336660404,-0.0905795183405676,0.91422759351229,-1.49741884743635,0.897535840308044,-0.0784373046948468,1.67867938342416,0.0621393141190007,-0.175354172054559,-0.0420245528280065,1.38993696089566
6,2.0465066685641,1.10889174045992,-0.783019300313834,-1.61054551480873,2.34569283152867,1.95078789275595,0.319031877343585,1.80902966779482,2.62389188027645,2.55657533930199,1.97441094190703,2.01534427450346,-0.32486328582403,0.167740482519086,-0.749437844715009,1.13658543924193,-0.271188163981068,-0.599859646811847,1.1038740738469,0.669507425773472,1.00701936031532,2.13262645633608,-1.09625507358123,-0.141350284355602,-0.352078861068918,1.19716374938551,0.207353439695216,0.16810318527451,2.45512187009046,1.34701701014506,-0.802432131956601,0.550368293874396,-1.09709043718011,-0.08236941142683,-0.739793938082132,1.124948850845
7,1.49796904677096,-0.0592964973231073,-0.103221750619099,-1.11757464710533,0.562602212918102,0.645166952692591,1.31028336524936,0.678718721821984,1.04586520741306,0.801984400419324,1.77014196447581,1.448136639493,-0.16384904846681,0.181049878940991,0.116669900640132,-0.579770363158159,0.588015650334795,-0.167573966260821,-0.147679328770349,0.724872378217365,-0.387358999372252,1.27667784661136,-1.02799467963241,-1.61751065267298,-0.0947887756258389,1.42234911354188,-0.35704888583459,0.128000139171908,-1.42205856713236,0.210451514016247,-0.175679469272258,0.0130222779273063,-0.290618098200462,0.206711711904717,0.404759333023769,-0.143182683742731
8,1.72759997538382,-2.76127714715689,0.181742888289723,0.978775375285701,0.857255985444602,0.22490793490245,0.99896864170848,-2.06012291040169,0.704766401746199,-1.08105851741245,0.871886557763619,0.13608598316944,2.73303607050757,-2.13530997519782,0.807283404857904,-2.17377930234355,2.43699832743116,-1.20427232672948,0.726337164402828,-2.91547778726746,2.32559971851881,-0.531256328456975,0.800270971804651,0.80951874461177,2.26864838218376,-2.32762482334924,1.31992813983303,0.465873777326711,0.203124629040874,-1.79735599277922,3.64881608212089,-1.5737727071985,2.54695320578509,-1.90785743925884,3.38497865860146,-3.11413985981972
9,-0.0855261415796381,-1.03212421476636,-0.558489311565835,1.26024699709208,-1.18407324462037,-2.13287422882817,1.42876514862487,0.0103618547855509,-0.041039838473059,-0.117738835853957,-0.0512240055187739,-0.40824974972355,0.0113896482218487,-0.479933956498603,0.437419236496541,-0.352599202938036,0.825527310044165,-0.199601247629337,0.454958873190927,-1.67694976175374,-0.635931462546943,-0.575188249424903,1.71388745083129,2.17011661607634,0.948142864697269,-1.38471088840623,1.06420756789739,-1.24977996911281,-0.161776884402606,0.668105813201016,1.33964731916942,0.0542431229901868,0.372015431373186,-1.20793628061224,0.777565776673968,-1.05394040487758
10,0.216503265060315,0.73049765112814,0.681463907215881,-1.03717794151826,-0.450662185477852,0.541587679556319,-0.555740463397168,-0.847603743525877,-0.0754828053640384,-0.00462155477306054,-0.720720403617322,0.734274910106602,0.39856870718237,0.0642213600549864,0.160834193958167,-0.323825108057583,-0.911662764373973,1.17180117327459,-0.389709561278125,2.11719512269173,-0.523690031106002,0.266410344702781,-1.59192039643457,-1.5137372722389,0.492109790993007,0.0400260725423997,-0.260972414478973,1.00370582408658,-0.15059838954467,-2.4627609667652,0.150591355034773,-1.26327595297298,0.335360260053707,1.11809780866161,-0.765172042014104,0.403926548850265
11,-0.881083623338217,-0.225521144634248,-0.756445699441439,0.595729353341696,0.827766702690916,0.997841087080079,-0.865754571714821,-0.70134691688049,0.263977010142012,-0.163595634661739,-0.103590325287722,-1.06191753551349,-0.723549859047136,1.13450398685594,-0.697435422807934,0.942877977985857,-0.159301180469126,-0.589328452465126,0.755955166630778,0.385801134374291,1.18759294081469,0.59331160178114,1.30248516236689,0.617173719233282,-0.260159269305759,-0.215844335938207,-0.928601181307772,0.837493768893381,0.628835062804643,1.23261699933032,0.18082026521957,0.39558528406066,-0.723147503828459,0.375258148352369,-1.0301959054746,0.938002741725065
12,0.0434658100361172,0.762256580543407,1.11237404456064,-0.885955791767976,-0.53753877989118,-0.322267887089014,0.0528838316658195,0.600902401395657,0.132632015894423,0.0888601851888983,-1.31362117147889,0.392402024595639,1.76440879142855,-1.45368253304392,1.33626272742544,-0.562245779740504,0.121837747042966,-0.224796164082181,-0.0947226308700282,-0.641416440030343,-1.40734170855865,-0.703185484971359,-0.960389606764779,-0.330042446459818,0.989908752291077,-0.66553567013465,-0.529937587384171,0.655854023185252,-0.287622040162357,-1.08554528572049,0.243998290730236,0.576981500081546,1.09017345417931,0.377991960682513,-0.580575743645727,0.642884928813111
13,0.389428524558494,0.458847925878926,0.240104186194774,-0.559799222516347,0.75941570930152,0.59319063062631,-1.10185428377166,0.199666608740813,0.902546359069067,0.498446488926231,0.711928642121277,0.652655465253172,-1.14653919173014,0.877556599263697,-1.11990022739868,1.44566476113814,-1.2600326943126,0.38599933544085,0.128276844402059,0.400567936334645,-0.300010133477467,1.00228408760286,0.563175901723493,-0.382281258880004,-1.40196699775937,0.820887881843432,1.1764406933642,0.1802073651016,0.513273028871106,0.0658144442596605,-0.285149165098758,0.292779340818653,-1.48312966578469,-0.169504836426399,-0.707083752040668,0.102093628294802
14,-0.0270176744542948,1.58381181838189,-0.882237961377882,-0.307555491462904,0.467693493100158,0.952279268860013,0.610584313658869,1.14977625003874,0.0275327330286552,1.70073628167436,-0.329228195360983,1.02016588722703,1.80633735999481,-1.45716655962268,1.33885413694223,-0.24647855056615,1.90011808946613,1.04473387686163,-0.317334585234115,1.13628147451979,-0.790425460104253,0.0746335131586341,0.0632343567312124,-0.158706088722378,0.180602535393318,0.593688165544629,2.51325134206996,-1.38527510031726,0.881141386295147,0.363543525754844,-0.0267078669889467,-0.396412680208313,1.67239253235824,-0.896892301677825,-0.909249579798375,0.31807807072732
15,-1.68256705173186,-0.617507234597731,-0.00524011788019402,0.32964955543129,-0.997462933636217,-1.24463812863253,-1.29793514238049,-0.254812999156364,-1.08389774018204,-1.1475532162535,-1.22349692412918,-0.784520774229581,-0.0265484759542949,0.279289959801746,0.768260733654722,-0.258231842425704,-1.22659457787365,-0.345925838002532,-0.346867095142788,-0.0792231747713002,-0.286695031047267,-0.274943598153955,-0.698126998244263,-0.0397110353028723,-0.246034034296685,0.0395691474277241,-1.61979292569197,1.22159542803298,-0.370279394112778,-0.529315145950479,-1.36391489599208,-0.0298089762404122,0.717392473976167,-0.320568205685055,-1.10310357675687,0.902603720179561
16,-0.118250403606499,0.223849148578111,-0.00906883564704993,0.261292470029657,0.0570287229319927,0.225874117539007,-0.0892151907168498,-0.032691451685617,-0.240426817015063,-0.760025629663537,-0.342733509569709,0.313440119970744,0.526839601202519,-0.122869273678971,0.187638220806811,0.342123520390417,-0.517832216850365,0.03041934935193,1.98094209270604,0.808793901569357,0.806685308786965,0.98358880076864,-2.40842709470893,-1.64708570259621,2.12969353277232,-1.08986110009936,2.15860442218321,-0.535820067869404,0.101915893128371,-0.667919845626178,-1.10831148347334,-0.0977786139912338,0.44003208799481,-0.142333310729383,-1.20939328933873,0.736130130516504
17,-1.41596595634357,-0.349904092981897,1.04857769426286,-0.37250025234389,-1.27316395856521,-0.81006714275122,-0.425382366843103,-0.442482033967642,-1.78796838529686,-1.10320287559161,-2.10305611643961,-0.514469946835345,1.19398708265081,-0.934765100062853,0.321934950917319,-0.541978082945155,0.970376824027263,0.279390882280899,1.37332355136366,-0.222037019133719,-0.27360517963308,-0.0194409610578206,-1.2854643369649,-1.25352156981284,1.55984446223783,-1.72053486901295,0.812164623017058,-0.219273799057309,0.0949470679189426,-0.205004619239797,-0.425618304968814,0.0758586124518957,-0.476586177128647,-0.645609428966679,-0.702495987224587,-0.0118856264774399
18,1.98256039492323,0.339007407020839,-1.38933133957954,-0.100439861599977,1.98343723370647,1.81300662045342,0.74494426012976,0.968604201979447,2.53759276862766,1.5419623929509,1.68590994059771,0.955059216266243,0.417386784457044,-0.14422147592512,0.810671596952512,-0.0840756760036785,0.181468700481207,1.32107544914709,1.56973341756025,0.947421339381509,2.96012817954802,1.28377969721003,-0.685127897251348,-0.34819233477477,1.65421817804209,-0.430846118557703,0.310483857334199,-0.551774003028635,1.34670293781806,1.13053192851006,-0.218270971372003,-0.487198887190569,0.122058485858165,0.60679690896972,-0.799332848868656,0.429336614221513
19,0.179495196957365,0.51243060381115,0.522805621156973,0.113592991859042,0.495316032437135,0.942752750322642,-0.210375214085833,-0.791141015200218,0.231873412745328,0.321865133093693,0.342802314368821,0.0294047060420436,-1.18178518374243,1.22067903987233,-1.68497569641371,1.58158336938529,0.988441923492683,0.384716142669333,-0.231777014927313,1.17860064985673,0.960954186658664,0.834153348551143,1.30121085206854,0.420842360081884,-0.165498730598481,-0.017946755679903,-0.726633740096906,1.11816766721304,-0.263258031478379,-0.117862772057245,-1.13528212885015,0.77038107566991,-0.623320920319053,-0.37534423182233,-0.702495987224587,-0.0118856264774399
20,0.053346382788315,-0.517442520306038,-0.39164733886955,-0.816926310457032,1.59832198640477,2.26549242495077,-1.00796952465037,-0.0363509870180989,-0.342607706669376,-1.35406291339345,1.1406099201181,1.20024990942686,-0.465770446709462,0.245839654494158,0.601386568690494,-0.281289689078905,1.20289422387778,1.63233988982444,0.294776345749499,0.995561706503222,-0.0785959926128461,-0.554923380676578,-0.259316022853903,-0.492013095828185,-0.00885821993606636,0.726019076767014,0.970641832823641,-1.50734351338817,-0.0118159115067637,1.62518289055117,1.22517824181646,-0.885869656685536,-0.992658071633603,-0.621492767473322,0.347534741883283,-0.437849479751474
21,0.0193141235764046,-0.380757656883863,0.307115331915476,-0.932622614164007,0.479578485025076,0.936963157794099,-0.327216551414658,-0.127423659393789,0.37390905889353,0.834143884828375,0.204536607360624,1.41225410206468,-1.26556678830766,0.9206534582888,1.00970705966668,-1.00374310530265,0.0588478580339145,-1.16985225216924,-0.101818135450064,-1.50351536731325,2.28234378433817,0.331134768337302,0.854585651557058,0.777356234997549,-0.0721959813756167,0.130501720695377,0.66986128954138,-0.456925770803055,-0.0988359250700836,-0.0307468553429444,1.01558490092359,-1.1428699115006,0.774708793186841,0.560603883844266,1.57536321348556,-0.0922693765836577
22,0.309188011707582,1.53223315703875,-1.5797215071561,1.78153114784387,1.45685313271538,1.92323301418905,0.441977968445071,-0.585802918505561,1.30740176516691,0.868024020064125,1.33037259938913,0.213076241807421,0.0799198733143422,0.159799253867825,-0.227408418821122,-0.393324028802961,-0.408056808138351,1.93039590537179,-0.102098931804522,1.39874083472621,0.0631849034283169,0.238979519888487,-0.560633699554802,-0.928678453091462,-0.325446234097038,0.47224357147646,-1.1781280475796,1.37699138633867,-1.19783079655048,-0.0533848998485884,-0.598410800495965,0.690939187367983,-1.65646758360285,0.380686775788726,-0.409575637489648,0.188240470146675
23,-0.84839139300741,0.36811012363201,0.274529262337349,-0.430497750545889,-0.944467447862463,-0.152634877785294,-1.05747122110314,-0.0283830313259372,-0.490705743144429,-0.247005136748479,-0.538906436605247,0.939777483924931,-1.49363969841289,1.01634048350656,-1.1288535729535,0.222552462057843,1.34781339649388,-0.271367673681428,0.19901683931874,-0.151590664026948,0.899283405225322,0.788865745549989,-1.50600007994964,-1.09236296142585,-0.687399525543569,0.512889095614133,-0.90460473380221,0.567635967461231,-1.50750229825724,-0.915482109866983,-1.22990263921577,-0.266781965071466,-1.58063885668567,-0.27275410669497,-1.00440882860129,0.469376055183793
24,0.985044101051493,1.3456036954557,0.43196107141222,-1.45964485204391,0.377664932101947,0.762290661807078,0.143364736887057,1.58744203015789,0.596589122736859,1.00943042343114,0.613682424658711,1.85168206209233,0.776792388462188,-0.455134587265007,0.900566081518645,-1.2462708303726,0.225787543563567,2.23277062686366,-0.0920056205333482,0.066916020080068,-0.0477521753452701,1.15313212701304,-0.921815725553167,-1.33190287558956,0.127725519500485,1.26847526507208,-0.516108015539084,1.3657461836775,0.909968180973663,-0.36628392594003,-0.271531879734298,0.969927133000765,-0.907468138194951,0.523750799865245,-0.190639315673488,0.343998772828498
25,-0.0222708395201462,-1.36190873249024,0.684586430085017,-1.81154910147978,0.578941600884345,1.51820287970866,-0.68473981204107,-0.498338990943775,-0.0475831304782394,0.778429733628123,-0.796712743877232,-0.691148011065271,0.191539687589899,-0.768264201659205,1.03639921250438,-1.17956548947006,0.0857938414745799,0.246754784227616,0.711016584148045,-0.244830288131291,0.533839627695711,-0.489378403302774,1.62635548246115,2.31734462898472,1.04883851357131,-0.877832319264326,-0.907833960036658,-0.841550242054769,1.37783398498882,0.0722383855721575,0.990018888101896,-1.65530569447209,0.961932003743695,-0.453675916600282,1.77960456974559,-2.40986881097546
26,-0.299291131723764,-3.57100558766337,-1.40238350316825,1.62843399864097,2.06505167088246,0.5505513521411,0.445003228785189,-2.27437560947982,1.0119738230969,-2.16262633368676,0.444587958341768,-2.71965634858138,0.325190531311902,0.160333594061038,-0.722575190527373,-0.340048721609002,0.793577982457248,0.632490073405653,1.07522083518458,0.307327850560922,0.72064832875697,-1.61604354937326,-0.00718677812748977,-0.100880184815694,0.470959823770425,-0.332930713326302,0.136771813256563,1.33727269304628,1.86658242462303,-0.0290259927652154,0.138156820615672,-2.05145838838846,-0.165708168110517,-1.88826864027148,2.26726855122946,-1.63546530535557
27,1.12613970536044,-0.617106753659302,-0.854524097701429,-0.71234149728055,2.05320551987737,1.38049229520047,1.10168103730049,0.696881969663531,-0.376138648813241,0.224368519063187,1.1971951868139,-0.107976330227633,1.69282607948544,-1.19329032998596,1.31131143117945,-1.29154182680382,0.72756729269657,-0.891531755704423,-0.506886403613934,0.0188340032121829,0.200526804715892,-0.664554123409837,1.95030421199554,1.36112397663816,-0.530410852878638,0.0890418043230269,0.793817456694442,0.122775461886886,0.0263783474777061,0.410623422516221,-0.140090171991733,1.12531718145076,-0.0159685700721073,-0.152884182322022,-0.765172042014104,0.403926548850265
28,-1.81794899436699,0.401488361013465,1.64065295508251,-1.05651727703086,-1.88295157920328,-0.766155987042341,-1.79017693317414,-0.638587751994624,-2.0989944369626,-0.896174741206812,-1.3189001957002,0.509794448279769,-1.71450661734707,1.2124019005556,-0.594547016242777,0.393237727224603,-1.68513762887294,-0.190293074139168,-1.61171361717486,-0.198468572560439,-1.63814295878694,-0.828707335496779,-1.03043699506409,-1.33341432234258,-1.30635210744662,0.520328852692558,-1.21054925935506,0.393294532472261,0.487725400624775,-0.521698584820411,-0.962519901174949,0.0604088040120061,-0.556273685800258,0.720804116677597,-0.984105599510224,0.40367868296364
29,0.151666574726549,0.775067487149138,-0.640113256684743,1.15455032379161,0.237009089608801,0.162230224960016,0.0202494300038797,0.202562542436643,0.42450504126191,-0.370724352842759,-0.409883623013261,-0.274726870705379,0.519591686597283,-0.486641848733394,0.422798960252616,-1.8426862202495,0.398812770212628,2.20944620054349,-0.407115003354001,0.66202484386117,0.860331851725933,1.40061227020926,0.114861059140428,-0.364351739811252,0.31114196288006,0.137103565368321,-0.759616598572947,0.0315142443502164,0.237475368537607,0.0987706291232673,-0.0861114823198398,-0.469772521305334,1.32928620189616,1.37539196784174,0.0738653557759886,-0.871623374362796
30,-1.34039389442586,-0.234885810867683,0.186100365383187,-0.0901520727052436,0.286198047207716,0.442837783741306,-0.866338892609387,-0.848719463205242,-0.88616141303642,-1.119624242787,-0.199646703403115,-0.528959175638095,-0.833506436550319,0.670897824279273,-1.84803384834358,0.588576726632294,-0.21211133467385,0.410271515610635,-0.996636964565001,-0.119535898389429,-0.753204144052075,-0.464098584766558,0.255457666946319,-0.937583019429672,0.456913695922136,0.186161822791227,-0.568156530290324,-0.169902047117813,1.66184271167946,-0.588152894588564,0.192132857271776,1.17005440633672,-1.13895430769514,-0.91093612437824,-0.321564027709916,1.50734824022979
31,0.0669694586723596,0.979198635104661,0.510982498444203,0.0325533752434395,-1.23567648117414,-1.21273686568622,0.1218677016076,0.217827543985906,-0.235878005737779,-0.25104975936071,-0.52023537756459,0.665074119727023,0.681282947036355,-1.01877284502382,0.441667819494978,-0.0991674973834884,-0.284232287754652,0.253670164526064,1.07151065820367,0.0709874722641091,1.95526644420358,-0.441476375467233,-1.16055480749512,-1.69175469143401,2.28779303665461,-1.18875178814944,1.96894194255651,-1.61645639788827,0.280889123608596,-0.194204835118771,0.582140735074735,-0.111187638675728,-0.0913825668604652,-1.64272158000193,-0.204395072091733,1.32346163536134
32,-0.725786834395336,1.67175054403638,0.789379830980014,-0.887703583975566,0.411876949467357,2.13372036970719,-1.28514149790392,0.324602292172675,-0.814796104584999,1.51443395056747,0.202379365270312,0.611708305587355,0.867349307269009,-0.357752478212776,1.22582882131881,-0.743990719923407,1.06219986222175,-0.00508949225691725,0.660729161570783,-1.68056228524952,0.778073116380606,0.0109466222418901,0.0996288996548085,0.982069458712712,1.83852987130151,-1.42648053315222,0.69259787359111,-1.67341710927947,0.722646094704932,-1.39442960817641,0.290999676202654,-0.763718502124686,3.10635340390596,0.679531064562082,1.9265007405096,-2.37478996575271
33,0.63130542018076,-0.810645750503843,1.14883546131201,-0.768209966593529,0.971591401039128,0.424284803057729,-0.743613302686037,-0.912967339923808,0.0172935973181031,-0.951366874097891,1.13803863877141,0.30026730770307,1.01899650974425,-0.419641627889701,0.440968491642354,-0.165860834652659,1.18588527009662,-1.89896416802,2.23473279263243,-1.48092246949814,-0.634000591335891,-0.944237981292345,0.538229755213954,1.17427620320429,-0.960408922935744,0.279970246460545,1.19206785386521,-0.39195309589305,-0.995282522733212,1.19125901367037,-0.313902601846263,0.616159304018078,-0.112114843403578,-0.0832429143512648,0.320120591923699,-0.75336750168418
34,-1.80157166686452,0.812760133199397,1.80730627175568,-2.21081673064481,-1.2816700321489,-0.131276476169996,-1.59052553091196,-0.716052790872558,-2.37168109927309,-0.880157450980433,-1.99319265836149,0.586530541450439,-0.718106954425967,0.0290196771332835,-0.472905542054649,1.13263313853537,-0.213885106926639,1.07238485556675,-0.845230252676597,0.495471059131026,-0.948472582660616,-0.985897736798405,-0.822480976302081,-1.07675686755289,-1.13020191343565,0.162253920434056,-0.109528877758427,1.25858608380238,-1.02592555629721,-0.800147921166575,-1.33079413970578,0.364323825354746,0.0593977020189757,1.41826159368709,-1.02471205769236,0.535073427403946
35,0.0327503208331306,-0.203880657866241,-1.79536867122819,1.56951081176399,0.205648816730939,-0.318463368222167,0.69790204516165,-0.109217359571988,0.475249534190291,0.548924993468939,0.824575050049245,-0.0645594065041878,-0.546857631014133,-0.0308808388660151,-0.648626575257724,-0.139300903888525,-0.54577410390173,0.473262729962957,1.62700403787847,-0.188920990182903,1.59394352935399,-0.368194403917371,0.0823923988858382,-0.839048689703669,1.91737288664986,-1.49589372218474,2.09854739089252,-0.964563705686286,-0.257467521426996,0.0056837256129519,0.425834507102474,-0.446772773789879,-0.348083028661966,-1.05856900228897,-0.619601636621993,-0.0533800909498919
36,-0.833619346572026,0.0619051838081337,-0.688488873034947,1.62246112792214,1.6326116161406,1.94736484382716,-0.650793864307585,-0.90633124041647,0.0625379920534456,-0.548836173894488,0.865924446554252,0.142337801422503,0.296860213248674,-0.770715288293696,0.438424549303911,-1.25207824342012,-0.158469828136569,0.238057601520957,1.53470231515276,-1.6085682086196,-0.254505327342608,1.14909769488881,1.43096300793407,1.77454404298129,0.0754237512827251,-0.211739660987996,0.80391163286985,0.271776839602772,0.719733834883559,1.03931205835293,0.831404282737596,0.872276470384595,-1.01534846396912,-1.32586657648327,2.00570340926226,-2.5912552350018
37,0.331605262002849,0.460002600874182,-0.0822765268510912,0.785388411581545,-0.503806588756312,-1.05423072551533,1.19480705059592,0.477740892382638,-0.563142322179348,-0.253797907281464,-0.0843162288939843,0.475412895413934,1.19774628076043,-1.45548068326127,-0.326358841558927,-0.263656594401419,1.36573971572251,-0.335640592658547,1.88615293212645,0.312975638479344,1.7457970334103,0.326868626934919,-0.148252437911305,-0.774597979405553,1.11996877329806,0.0372685870824601,2.07745994555097,-0.799992745621386,-0.0684324683469684,0.769529001459348,0.457614304868205,-0.619044376242491,-0.544912781756805,-1.08465983995972,0.952516323452605,-0.0279571919002218
38,-0.918894710142543,0.50149826743006,0.477689358526947,-0.477254312899532,-1.20880091046369,-0.331222755835338,-1.15708018693404,-0.10480167660519,-0.120481236456932,0.0973268135477306,-0.688850247815052,0.406374389901754,-0.750503883577782,0.622073104464453,0.32317649408912,0.554977263582326,-0.207860804696924,-0.929686335993617,0.207380724611923,-0.375974781608056,0.2335854933654,-0.537305806143546,0.0632343567312124,-0.158706088722378,-0.403417075898151,-0.0914479864859772,0.0998096828286304,-0.569220276417707,-0.383182074655762,-0.390957991873206,-1.10083181071984,-0.184009598643517,-1.49691649214371,-0.403920835615595,-1.15307136688161,0.653017268628288
39,-1.5011656518107,0.46460018710314,0.387647504730194,0.783202740264386,-1.16525557579044,-0.888716558528043,-1.12903070650455,-0.836934320907303,-1.24074516495489,-0.813189675469656,-1.12235039912372,-0.765325233506572,-0.0829481554171821,0.0539152713149401,-0.303007937312803,0.237771754172974,0.765887272318524,-0.881750792338817,-0.410187047838107,-0.528593744558552,-0.199605548071191,-0.574274916326157,0.697643018590668,0.718554238468147,0.499044612393638,-1.33557675884241,0.884398439141501,-0.412993249035405,-0.439070770285429,-0.999421246272686,-0.0550868647819728,-0.645310117759373,-0.769365321786533,-0.635226596738706,0.526007721344497,-0.642341919119932
40,1.05827128164677,0.490053772926331,-0.475445423324398,-0.270390537342573,0.77078995936783,0.550455055586123,1.55475507638778,1.66260749516255,0.871982700301293,1.94039512981864,0.98894721486536,1.25831978686093,0.708482807252398,-1.09160888981385,0.981264611938539,-0.524955771275491,0.508345141507775,0.002518923401128,-0.775410968298226,-0.482948856309584,-0.149319129187397,1.41153465305127,1.07905941220164,1.18352152518103,0.122090841493342,-0.277382089178027,0.500611362675924,-0.571072491900643,0.379078958793682,1.85390352830467,-0.150528811867813,1.61109252852067,-0.443568732007596,-0.241819113243446,-0.927783677053097,0.320565821075424
41,1.16032354216535,-1.98726239773796,-0.307801851756663,0.279287560485292,0.491727721039796,-0.381107299777476,1.82450947334768,-0.819391655932059,0.459136193488148,-0.720438238704637,0.446121206787021,-1.03340509114845,2.14514083474145,-1.92060153843782,0.767383279101333,-0.926537817328582,1.24660750479542,-2.39406357123174,-1.12454525066878,0.0682060069000748,-0.849622118567354,-0.49417970861524,-0.976685956717537,0.175538587895857,-0.36953506643283,-0.516564255673087,-1.49225286379459,0.564949250369493,-0.43611330022419,-0.809570188969782,-0.242082979839128,-0.483564279250146,0.867036399883014,0.599539022636346,0.70730028609824,-0.9268086106183
42,-1.12212700131626,0.466477402785013,-1.02306762044278,0.432807474301773,0.0829748705347523,0.309852339249502,0.934056141168578,1.56723826173969,-0.486776147246015,-0.0895549743564222,-0.384959937007501,-1.59231689230866,-0.568516712081686,0.893016676525602,-1.54857574295499,2.19529879752039,-0.788808376559622,-1.50190880092277,0.508792942038364,1.0953669771923,-0.770941125473254,0.421827944531133,1.0685188066282,1.07623356235959,-0.180429437515152,0.387030098222119,-1.42675946916385,-0.930360338411459,-0.178557128875816,0.233300635337385,-1.14850238422363,0.19857229936761,-0.795599522609523,-0.675707789191168,0.326131169746952,0.162774236527313
43,-0.333433902760177,0.835598051840169,-1.80487290667146,3.54120806880636,1.02996727492643,0.98223357667468,0.272545180024585,-2.10581292121407,0.590732983762909,-1.38348659393563,0.111168153573385,-1.78658789975813,-1.3204310500358,1.46529516641719,-0.523227963364863,1.52891545284822,1.25931449056595,-1.92515984974902,-0.864614143760473,-0.837788431454144,-0.118827181904891,-1.88102018219724,-1.25854216415066,0.587887945978364,-0.847016502260247,-0.318243162481698,-1.66835051838129,-0.369015974304321,-0.342799294469077,2.3976635598943,-0.650474422905704,1.81517517411827,-1.09719890516744,1.45381518074143,-0.658557987621895,0.347468864738685
44,0.766238412310662,0.90972792618041,0.264362816695651,0.198058195595195,0.443442721105832,0.462042775370497,-0.639731561380727,1.19860940935958,1.37844442923855,1.4256876836326,0.654062196932374,-0.087170486605934,-0.734417573804454,1.00574012486798,1.13673791326542,-0.575755629987147,-1.54549902860463,-0.136947883392489,-1.37165815168878,-0.471365284663245,-0.735893047410753,0.478740513922066,0.725540119587063,1.19401956409294,-1.18559285577817,0.663586413086373,-1.21079373296282,-0.222559421846092,0.153949629947745,0.679177438748519,-0.890721459926463,1.81602185844433,-1.48786062362027,-0.18877602004763,-0.840030826045993,0.334016724291387
45,0.608257394672921,-0.00180537029108341,-0.422809936548823,0.210846647666871,-0.187501987010846,-0.914952084364723,0.819524138954391,-0.172681998890003,1.32293209336712,1.14445751062982,0.922225540195951,0.70495889597423,0.422293062681967,-0.951772303218526,1.79222333744209,-0.721229808200072,0.400560823448569,-0.653846233395609,0.229418954506256,-1.54348329251688,0.815879548537156,-1.6451650053908,0.852255240785464,-0.325651754303611,-0.283988776710434,0.845929731136753,1.04128198750526,0.302109410781305,-0.984931797780929,-0.48843424585843,-0.770682329168252,-0.0313263551764594,-0.94107371778108,-1.11194572980354,2.02464490975688,-1.46871073138294
46,1.75376878376795,0.0581937301677791,-0.530679782523084,-0.440710961858793,1.28867176302619,1.01558890848036,0.852464569878529,0.629101174403349,1.61477194176659,0.852013277560317,1.48013064423579,0.642060250559389,1.67764900082436,-1.63176325048193,1.0336248192951,-0.507413303739631,1.34342475082425,0.994093509660886,0.739330036915984,0.808020271642477,0.580832304499156,-0.188984287302219,0.536334901200342,0.0489300456449673,1.06428863783802,0.375201797444003,1.01704106639194,-0.0438867421048975,-0.608424434554161,0.288570694010543,-0.31396999574191,0.0655065808536446,0.345680521400498,0.511724609515098,0.82067864038278,-0.0354229174072045
47,-1.09464431400083,0.454761281728238,0.0442739185634536,-0.652562576700994,-0.468928998582233,-0.308503457328776,-0.921219518094448,0.574613787299903,-0.138224221988683,0.626527597285147,-1.22594056512015,0.369435842320152,-1.07254330418061,1.658112955402,-0.591254433016136,-1.07668127352209,-1.3780309379608,1.60023635246421,-0.537643552948879,0.928440503392799,1.27269280342484,0.342057151179317,0.390530010433196,-0.174412165449218,-0.364979788444677,0.424603162580658,-1.35868781937848,2.44621957883736,-0.878768898888057,-1.68118188809288,0.0517771221177794,1.75753641871697,-0.125704787994174,-0.350826511612489,-0.199200417666602,1.60652368862539
48,0.231953193676344,-0.664461488625105,0.685293426372318,0.270191357105821,0.52962301470318,0.717689686573045,-1.45007344017499,-0.792351498566379,-0.400808058898486,-1.34895126462175,0.614389578906839,-1.50888199811128,-0.800294974451846,1.31294140386809,-0.920093037877781,1.00013384731667,-1.32508233579133,0.722683808202196,-0.152883776960903,0.940368873453637,-1.03188407216875,0.155245929871561,-1.02319768344744,-0.99610839164663,-1.08212015599516,1.89035974796362,-1.25049309143207,-0.27916025598419,-2.44298703094074,-0.555644393636427,-1.05722640373705,-0.021902126535691,0.576923335015095,1.29339581528213,-0.533530219853205,-0.261224212142088
49,-1.70894197048859,1.59607714140656,0.501476866552288,-0.0302732490734331,-1.8092337254043,-1.49467479609984,-0.738785562629022,0.156781955532613,-1.42732032855452,-0.978888993794721,-1.61615072733902,-0.165681524079132,1.08232640128214,-0.301880178381717,0.566718451007779,-1.14725001638514,-1.26566770393697,0.505482948907654,1.77062042514503,-0.227628103693442,0.347273062460146,0.388432927014055,0.454961873991912,-0.175703242956042,0.156324985044732,-0.5865407148091,1.00953871928772,0.2147224241339,-0.854084768024663,-0.798401080181368,1.71350217903463,-0.0207221960146941,0.971429534551769,-0.897619047997828,0.102712423710105,1.12526200696415
50,0.479139287060182,0.816203259568491,1.44941161944095,-0.462995222078489,-0.899902013267169,-1.59584957173139,-0.530984484567609,0.265531205491436,-0.559179709103633,0.265495296638416,-0.726943999897153,-0.212452639020347,-0.927338774187167,1.03097565691877,0.269903555630724,-1.26078255155568,1.33141033714949,1.18297766279869,-0.226658059056037,-1.12267011773019,-1.54490135937268,-0.809751923943936,-2.09143447466277,-1.24666380435797,-1.41464007111711,0.287748530870443,-0.500818301328225,1.35911600717594,0.0927892405525921,-1.15281210247715,-0.739535422137612,0.395527780276462,-0.0991861185454722,-1.17533480538751,-1.20939328933873,0.736130130516504
51,1.8456729149974,1.68125062214908,0.22066643904786,0.544497231805258,-0.252039764486856,0.0622164401386245,0.621859006070988,0.998724573486507,0.815179036128481,1.29533162352346,1.11508185603424,0.0991508839927544,0.764373828479501,-0.41602870023957,0.776648254296503,0.441750061079424,0.383552149914949,0.920014208654256,-0.580521876090631,1.26415732086631,1.1894403142883,2.17232803582312,1.14325774883969,0.625896276896952,-0.475773245127267,-0.517982104200191,0.862144103026516,-2.37644006482621,-1.16943298951802,-1.63808519033728,0.0672297490855042,-1.19699516913238,0.269124687389668,0.653534430597112,-0.137324592826569,-0.452794598490785
52,-0.561544158631795,0.33172939866835,1.69844168715425,-0.661669903373131,-1.79011343482477,-1.33146091896294,-0.958887078020995,0.0456538161824749,-1.81882747026906,-0.802237732191017,-0.949328468971241,-0.065612208513971,0.602882253922901,-0.988930977453272,0.790598699742644,-0.759748867686461,2.61662769945781,-0.492748399820238,0.294248426664273,-0.37299248339218,-0.696941493911364,-0.133006010737203,1.03696689010037,1.72739281944508,0.823874001309308,0.281755421276962,1.4068666992928,-1.81216995518339,1.26530331831819,0.879370063716557,0.0898044902239994,0.340862384144494,1.77254240682587,1.13199275720807,-0.23818099738107,0.0518714622414975
53,0.330243910967774,-0.0538754650953506,0.606603002813416,-0.297098932509243,0.381824245198101,0.330948369483725,-0.553136029868648,0.843632521673105,0.597725695486896,1.0677605898388,0.329183347381265,0.798353178492632,-1.3383305171179,0.851245139039626,-0.536552019615755,-0.0674024211693426,-0.428753748022101,-0.684033429685022,-0.360930860951181,1.3294994107565,0.531340756142897,2.30318624567643,-0.5442440423201,0.739606633896827,0.364301340321872,0.190846401021589,-0.91661644379404,-1.47694171368908,2.02731860246686,0.832246741360043,-0.226303642666427,1.24772427295359,-0.543836053658179,-1.02276210835288,-1.19085919208401,0.7336423801684
54,0.654738980895113,0.444264722091381,-0.998758967723013,-0.468996765066917,0.757648529904885,0.981414568513312,0.665166855893506,0.801751762041664,0.8231823704767,0.726002123847957,1.36982450718264,0.698494466142098,0.399697838682771,-0.157121257015438,0.884305571447322,-0.29135095226263,-1.03020704468193,0.843923404315954,0.243480820015409,0.333074605070537,-0.872508079315382,0.680230470569368,-0.856976620215114,-1.12510449041939,-1.29269784547971,1.39858085536831,-0.0851192335000303,1.32181709444204,-1.0459108523144,-0.344835138235595,-1.37885285842384,0.439555698646015,-0.552288965121088,1.07701250291199,-0.724653281429998,0.557036450690167
55,0.553587836169224,0.898673618930157,-1.308985527052,0.120240594202511,1.72231433079244,2.35190041332555,0.340277451274251,1.45839678057326,0.668746148554692,1.58282724359563,1.10303901741147,0.105238301103398,-0.0249460005956914,0.794159015112605,0.346587471851442,0.720754318228945,-1.04705183148149,-0.364154135731764,-0.723775656669757,-0.511132739438118,-0.294075766565735,0.310470735057004,-0.0341974485123627,0.645657594818807,0.446360948423009,0.498222791169932,0.259282009285958,-1.47387750885149,0.803095847631903,0.629674700765339,-0.478799523453528,-0.569688273052843,0.213808862402679,-0.665170450282169,-0.260046636056345,-0.436390023066829
56,1.11470914801851,0.421965471510847,0.188509904044454,-0.144750067489481,0.270436922786925,0.366374663598609,0.340846636633855,0.35265840148184,0.886592907497708,0.239920712768141,0.817903437979729,1.00376823661193,0.381343303976099,-0.385847999432525,-0.707208119252477,0.446281453378526,-1.12699857169392,-0.343054582593689,-0.685852758688549,0.354176847144286,-1.09468309013524,0.349469730996274,1.14474536107397,1.54315297177929,-0.862201131853164,0.230353332157891,-0.0356661961231359,0.0655791545839321,-0.0341012944303706,-0.38506755526028,-0.505082382498126,-0.248915312554707,-0.0217195974465728,1.22054615179942,1.52758287817575,-0.772474284301955
57,0.369933685190494,-0.341113196062737,-0.155669967978592,0.203989762850615,0.251630229781821,-0.220595710066281,0.359797043662461,-0.379232891547274,-0.235062289278436,-0.0315494118933729,0.460096581178448,0.289035741334212,0.560022024027244,-0.989920921910273,0.45017207113942,-0.146946633801445,-0.791890083928897,-0.609447672601271,1.45162429841938,-1.75264296392141,1.4373842774662,-1.27514514515981,0.196225996354961,-0.0738819852287727,-0.540569999786695,-0.270642939774826,1.29876189305118,-2.29554479537847,0.114033030232658,-0.415302516999065,-0.115817459499077,-0.719978287290249,-0.165879570498119,-1.61666411486179,-1.20012624071137,0.734886255342452
58,-0.0264139861298711,0.119794738300419,0.700380821266868,-0.321045172298385,0.535486590613484,1.1881632061112,-1.07323253888768,-0.420717137286867,0.393881147141489,-0.226029785772348,-0.35021139728989,-0.9506222182594,-0.36080048921946,0.512190196586185,-0.625881877455431,0.0548046811767551,-0.410073617808008,-1.51439458783432,0.619307040592572,-1.84631326492587,-0.406475967425335,-1.19799619673954,-1.44115288461769,-0.951401042237162,0.0748613983992775,-0.413609078861722,-0.629019084563808,-0.96055101775591,-0.858146438355749,-0.829012933408032,-0.420509511461948,-0.0829900542224367,-0.392241502726385,1.66746899121714,0.384906706280147,-0.522257951887382
59,-0.532988362190891,-0.205949393939678,1.67635803106641,-0.694295164735613,-1.25659885639584,-0.919864326081888,-1.37469356104185,-0.491156482682298,-0.266029027726414,-0.204221557572036,-0.98352416129253,-0.226739469107931,-0.566592124975835,0.685420794709454,0.910812511936694,-0.514143426536699,0.194850959073974,-0.712235628356042,-0.085356224705555,0.648719785692046,-0.669273920414403,0.531579772169668,-0.519322165792256,-0.61944143024305,-0.522240019006491,0.838560633095159,-0.58601780037504,-0.623515313742096,-0.68364397374273,-1.50701798013773,-0.169998876607044,-0.147784054314598,0.359616446464193,-0.898631351410964,-0.813187662312098,0.544559744167807
60,1.66334639088638,-0.982735003154201,-0.671320782486617,0.326953259499672,2.13826062987802,1.3279871769623,1.88627721822105,-0.645682416485989,1.60684684202311,-0.374052863631226,1.56556988056557,-0.65295932833442,1.11019903600536,-0.611942159347902,0.849511284463216,-1.01170372101675,0.842008907551785,0.082179975704228,0.938280346525169,0.802027784555856,0.243883221066174,-1.13653198622236,0.376272779129725,-0.193935157091664,2.22535212696394,-1.61995154430549,0.916406454164128,0.237614792759194,0.477087785646872,-1.39053530095913,2.63776307162722,-0.994444120966172,1.917426343573,1.42732165369262,2.29871974955535,-2.20910247427229
61,-1.05014853504871,0.373049243963361,0.52129114950212,0.13500834597828,-0.346797020905879,-0.0228116145749516,-0.774374120746098,0.745366934829336,-0.386849058206123,0.375699368614786,-0.267218912919171,-0.317719771049735,-1.65331533930297,1.41461906692422,-2.02909246046253,0.805472926746853,-0.661521992513211,-0.0323474353212667,-0.63341431390594,1.08005619086074,-0.411147945637425,1.15786910706889,0.957455221685608,1.35881844593696,-1.1428457795752,1.72787428306072,-1.17424785026533,-0.676525700659096,0.25308553295361,0.693055801757131,-0.315639382396541,0.325129595138931,-0.986301457321038,-0.478766337722638,-0.593688647230368,0.338761738520321
62,-1.38403240652718,-0.141328465927818,0.319881266500461,0.417905206602675,-0.901781005455812,-1.04165247217367,-1.06086462983352,-0.465861159070191,-0.916464703682038,-0.761140390072698,-1.23849063364105,-0.988410928874201,-1.02182104023821,0.67032733729187,0.756423225540219,-0.737979987266129,-0.977119994547717,0.0884182838676834,-0.478512061006829,-0.00201070265102572,-0.359365792312156,-0.255656352144851,0.416757694342746,-0.202122360625021,-0.28701131685807,-0.266895731944618,-1.43129733683871,0.174213982196146,0.293351430259348,0.757578842372937,-1.14731250221196,0.133875635958613,-0.554831099150557,-0.0665287175867817,-1.04819235294963,0.767120456343842
63,0.81205871728013,0.283726915339353,-1.00216491208737,-0.0184484302843788,1.00953226473971,0.977860539036876,1.17190519115945,0.520075588849361,1.18255028431495,0.243289504013279,0.3202672543147,1.36859283454417,0.993928981584106,-0.694049072285899,0.597509407948666,-0.416901522762746,1.20123251602879,0.120220048507702,0.285480183651254,0.618242640260953,0.338304073725974,1.48445641032055,-0.35908632886297,-0.724820935606688,1.11082608544045,0.329715417715711,1.33870877610581,0.404280429283164,1.34426797395157,1.20764148626398,-0.234406219756326,0.31505582113691,2.47129889050513,1.41073337062154,-0.384867681572892,-0.444865425586584
64,0.290785440312025,1.119532533301,-0.142994210385471,-0.321654802709473,0.230591753681834,0.151485983464707,-0.552590964800926,0.909038574268217,0.45750638886782,1.60710912369634,1.4043317537657,0.761924161624702,-0.597689364275644,0.647262647583045,0.216784070900651,-0.887460538546349,-0.0929697071873098,1.65252318121585,0.9083169761173,0.479185086464373,-0.520354655633398,0.966663274972456,0.0875966368501412,-0.00955696600032919,-0.991156384865873,1.64424646875311,0.770443475481451,0.337691134801981,-0.832203325380058,1.14104458145258,0.471875331895165,2.0029682577033,-0.117986933701847,1.09760927031895,-0.690975461056096,0.668849368668394
65,-1.72039977584449,2.50907664442432,0.964356910457344,-1.41467780623811,-1.53539898063199,-0.57302486968986,-0.234592033509711,1.80287272284614,-1.16350829819696,0.349953122965755,-1.81235897163289,1.96849258545252,-0.723102304616063,0.0152060150320571,-0.539440099783875,1.06324968489194,-1.32632903201812,-0.470844517225121,-2.28614765222326,0.0184037879814529,-0.961327799738667,1.05257621547565,0.55123694620077,0.79995843775092,-1.31741953186678,1.68475975543634,-0.271628237354961,0.751747877374273,-0.642621328803372,0.111692973640027,-0.853045110990811,0.547758825574619,-0.976318002659071,-0.665752937233973,-0.289513280422294,0.835016449734041
66,-2.02965408118482,0.591866766167034,2.25684602152395,-1.18297656100222,-1.57281812664914,-0.441993845059496,-1.54857064732474,-0.012706769021307,-2.49684515051943,-1.3001309589276,-2.39662210927789,-0.270104057755258,-1.511581504805,1.15612423247661,-1.74555884343241,2.23311685102977,-0.159024284539636,-0.345233604837635,-1.69357257676751,-0.179889238344924,-0.529984131775692,-0.489471108383719,-1.26002168639104,-0.395205214885442,-0.857611351769196,0.251929535758608,-1.52459832510737,0.479871493067984,-0.688099610378538,1.08025442680021,-0.669739723500186,0.358424956433861,-0.59812518411582,0.64310615905923,-1.13735590260662,0.701299151180377
67,0.871646927662864,-1.02057227590537,0.165056656427442,-1.09441911018808,0.66309295340515,0.0879486139389649,0.657782042415972,-0.709467960350459,1.05748050045142,-0.793475444167587,1.35948582824702,1.26291734876896,0.203841024598684,-0.330787682477789,-0.197475257357525,0.100983462298769,-0.141927656283343,-0.999138800041801,1.75086236110697,0.0776677107919981,1.64783230774117,0.854578142561474,-0.846032817859284,-0.776808831930228,0.227225020538964,-1.16605149678189,1.4912404021595,-0.138811067915406,0.932239682327604,-0.200357232791005,-0.488110580855941,0.0678447718975889,1.07516509337325,0.210757079528583,1.61844431044981,-1.66677816940188
68,1.36526634618654,-1.28201634442105,-0.134057619235684,0.976726984106187,0.706846760599369,-0.156905234719847,1.93727770601704,-1.12660639688084,0.925479645492497,0.591821097369398,1.72196867191653,0.0482236252372242,0.0275918693945087,-0.409473326732486,0.846657315566267,-0.86636732409812,1.05718830308936,-1.78011587695124,2.3262277002177,-1.8128537220326,0.593261405844423,-0.42095149189494,0.889713974176199,1.65596395729977,0.600211234309844,-1.45153670901032,-0.438943408184277,0.453174124334767,1.35099571666793,-0.391409501363885,0.227625973640537,1.70298725114594,-1.3427396803056,-0.327436596439134,1.31846060480388,-0.28060634364612
69,0.516398597944607,0.0602648365790777,0.98341120389765,-0.879510240100881,0.459375676594926,0.774171812302985,-0.721277767759809,0.276701628462702,-0.967317835090152,0.182441947413409,-0.0637896935170089,0.0740222467884578,1.36553119011466,-0.883950962899366,0.962282032828006,-1.2578659395667,-0.179278832424125,-0.202138552263001,0.580843068700594,0.503871499709652,0.48907857575348,-0.0543591901404605,-1.30092193337729,-0.529271008047601,-0.973046725852207,0.0538498185158968,-0.107373569615016,-0.641629721348766,-0.814146810851384,-0.286793474030276,-1.32064652904551,0.845805573184087,0.668123883828824,1.93819027892202,-1.20939328933873,0.736130130516504
70,-0.832629177332952,-0.433952718149751,1.47248994010414,-1.56126649068884,-0.676659997156236,-0.356410650866153,-0.0438390025000489,1.45669404794505,-1.64236010585884,0.120640102646594,-1.18625232761729,-0.0489714138808654,0.942784443270438,-1.37975086128807,-0.00759367830621793,-0.573158842433092,0.74777001825081,-0.426922007454331,-0.437203835426493,1.48905743291747,0.715917963673345,-0.591236242043829,-0.765292469356961,-1.38243564276493,0.483046077455535,0.409960411148734,0.847326113811454,0.941901355688393,1.69076946812946,1.30072122891183,-0.0122094983820449,1.58731756114414,0.886727508451271,-0.460232155567979,-0.0945072060450581,1.11168717080488
71,-0.399155786576267,-1.47441857796123,1.02299455153732,-1.38147213349579,-1.07542624769552,-0.499017124972093,-0.102329085232614,-0.875220486805288,-0.768613363037491,-0.410767729068361,-0.471907266421422,-0.126743722932087,-0.358117575493586,-0.0218606104643718,0.0761408982291478,-0.334964128686254,1.08204781822736,-1.42559964034438,0.489575951911068,-1.81483155954017,0.345207808129676,-1.16833957681192,-0.159755836676049,0.385303548967209,1.07293797700382,-1.95829688036903,0.687213339213252,-1.18238751364432,-0.899297570108768,-1.01550303208219,0.833438192505995,-1.80836946341552,-0.69462982315317,-1.3007596097751,0.00189168023315243,-0.577401924851453
72,-0.29875416478799,-0.583012194324454,0.0777553753743031,0.224625166276482,-0.0604175834665255,-0.515512552288206,-0.926075541436074,-0.525429099377875,-0.0907612111291344,-0.879127314070893,0.253656121456028,0.113523113504345,-0.524650832891485,0.3218760181578,-0.760248901859515,1.44444608742886,0.158357238579149,-1.89673322139887,1.04252888817329,-0.899289176385338,0.659579548237684,-1.49483417498263,-2.09431234685243,-0.94022930576941,1.68990211303031,-2.27292106428355,2.01487555308423,0.590030001792316,0.211406102152108,0.138858510012696,-0.316020123669925,-0.25041379961298,-0.590194268875448,-0.0340356335301587,0.0104418624875903,-0.347485752386403
73,-0.266757126707457,-0.0692274340840183,0.426191931254174,-1.67702777640525,0.164461526183684,0.0608655344358259,-0.52591137396371,0.780336315735326,-0.555797748043433,0.596497310112558,-0.0696796911420572,1.6603673900196,0.501511954464529,-1.1101635398249,1.52040720548938,-0.875916475900419,0.56814064622416,-1.13844593436357,0.645344009490538,1.06626523539745,1.29785225337927,-1.05984334164464,-0.604955235151834,0.62021450723392,0.987878972750163,0.512001770572223,1.18042056264163,1.35695210219632,1.06626217106883,-0.390587949025717,-0.0157350997473508,-0.710844019555551,0.626233859395294,0.470933756245491,0.156398751177895,1.546348046717
74,0.697010176807406,0.564321276099182,-1.09598891914826,0.488761468841748,0.248466934960141,0.591807255994497,1.53562500840781,0.274822066435436,1.31207811382018,0.747092024957511,0.491426909825719,0.06381506626546,-0.831567093063169,0.674243421351996,-1.48540432154929,1.47477850651196,-0.286474555320102,0.967143011658439,-0.589413680469035,0.119987248552019,0.690523748052379,-0.450968326103147,1.96412993153798,1.37006690354803,0.828943187873033,-0.856057232515737,1.90699129894988,-1.609133611612,-0.0158933083619439,-0.933222917444329,0.898698377630735,-1.62239892495935,-0.936031121315899,0.0885319206457877,0.615408565379588,-1.07085449236658
75,0.518503783493518,1.52700850023036,-2.47048386363386,1.27055049606569,1.69606177799264,1.92464688442925,0.656496220495005,1.8637704444976,1.60663026386893,1.73200461092908,1.35087410017046,0.337024059427628,-1.23666298486846,0.636962623865039,-3.30206839473665,2.70271155926201,1.93314928175416,-1.01215714764639,0.38841859355382,-1.04373744355918,1.77515298000929,1.88134362590993,1.49581424826298,1.88258772917925,1.30960447698355,-0.316169472850575,0.803591408799412,-1.24269621128048,-1.75697877044458,2.47022480114132,5.20418160330571,-1.20187844352553,-1.27299856806403,-0.947170016945372,0.220015447265244,0.154192393050053
76,-1.18920537135514,0.890523801993363,0.656779763699367,-1.88087439950978,-1.8527215936804,-0.47746940659236,-0.747667010524573,0.184956767036328,-1.30479483110388,0.363930764894549,-1.57168439136276,0.0233303187451409,-0.0189305723484736,-0.740244031088427,-0.0439051649461358,0.621133687143806,0.0402810692873015,2.73409249125693,0.822472625474829,0.875915005433482,1.3140938626423,0.443480025466909,-1.04259329751968,-0.83918172845186,0.739573626524415,-0.160605440163565,0.459265916476103,2.45161748857796,-0.225330608489976,-0.935774698597556,-0.918540055237684,-0.349761124630652,-0.208932459190307,2.28822313095903,-0.0712965892990962,1.06642436325977
77,-0.305146515584147,-0.0537543842482151,0.0676806506698836,0.71458756478161,0.623351741269547,0.135295810799372,-1.01239278131578,-0.426522979700983,-0.0595982876482565,-0.18299786628744,-0.827154976995796,-1.21505120581032,0.350370706252542,-0.920654495579759,0.238745881735566,0.204641140747258,0.259753068300561,-0.307245456411345,-0.414210507934036,-0.200074083421731,1.25230571422963,-1.27609731861528,0.252447665111833,0.920546963744122,0.151613995790157,-1.12451120803168,-0.990290129086926,-0.619332825888329,0.370065716876526,0.514863682500082,0.809196030863566,-0.340602413897862,-1.25563768153541,-0.706854448117787,-0.331181354105102,-0.0237793858337425
78,-0.0555858729085941,1.42760793236796,-0.322840675943034,0.700134209282726,0.994569661897245,1.62700543523295,-0.154510975181974,0.215507976321074,0.819263387578237,1.75828495280026,0.522367348690725,-0.0958705495625366,-0.927121322538061,1.31066867064979,-1.47542494073242,1.1503391606619,-0.588699050777196,-0.0341295225841456,-0.657440347035339,0.382963064897855,-0.875743072240862,-0.684212118510443,0.379154696316333,-0.533287888670957,-0.894541201694915,1.17387135611514,-0.945808429335054,-1.05145235803948,-0.852876209938527,0.711150337798032,-0.501684164983231,0.679747451784062,-1.02917038018685,-0.378413806988001,0.580486635967442,0.399811671120097
79,0.417892160210366,-2.00447725269371,-1.35641787850465,1.5363803958894,0.697409321530828,-1.00437847552622,0.990766404063379,-0.794533626464502,0.659107009745308,-0.893107329674256,0.633471110632291,-2.20714873015395,0.0326690335897714,-0.439865527046728,-1.08072620712772,0.806216148242782,1.06226043656736,-1.52406711715324,1.09852744579206,-1.94666370521191,0.774311987458551,0.107115307471622,0.261069146689963,0.0999981669506544,0.875077064755869,-2.1464678370466,0.482601642643463,-0.794553515449539,-0.539820366241807,-0.171258792625787,-0.598812651970018,-0.496038262822216,-0.024619611805812,-0.60891648419575,0.261761566361836,-0.620459203589374
80,0.51358424608487,-0.353641562279859,-0.365828907636255,0.77086042967959,-0.711100848727076,-1.8304035837198,0.410153617464192,0.358962573624534,-0.224382123969826,-0.644027565004191,0.375270170709519,2.3711584693371,1.05601798420579,-1.10399370128363,0.769728653184278,-0.102156028217337,-0.5588964335665,-0.361783262961004,1.05959644465402,-2.03872839610877,-0.575606436220284,-1.2782304442638,0.693824995584798,-1.30171044571535,-0.502640557685709,0.53264749076694,1.58949550583347,0.811416348882141,-0.0543306036371717,-0.432616564811035,-0.806062596693799,1.02709500658292,1.4662025586052,-0.482384712982449,0.558231237049628,0.0752893964714354
81,0.554988904507489,-0.706465256690162,-0.128806705446,-0.841509701878305,0.259011894062005,0.519821940715191,1.0229374331582,-0.649452301818945,0.627735920414506,0.372931790794829,0.555383974124076,0.554049837352566,0.93470421408003,-0.840463937247522,-0.224071244742614,-0.253084699365995,-0.191708922265171,-0.426947426118238,-1.33150809341001,-0.216646504249055,-0.704422480646552,0.0842539687969847,1.87083817379157,2.16308214662427,-1.26514697086721,1.06621496789676,-0.216470441529771,0.518953392764268,-1.7367502204501,0.517559437719499,-0.0626499472741496,-0.954058827255851,0.534433789780297,0.0826471995154009,0.829848641374864,-0.574402300542085
82,0.320190529171293,-1.05220414585245,0.471969695127752,-1.50754553105711,1.06967863821105,1.97899019646483,-1.02963595967484,-1.29140434121952,-0.0361618850087677,0.273657680433208,0.335110514721753,-0.0397728416598898,-0.577610161373162,1.34043982699916,-0.460477568963978,1.10015112268128,-0.608434942378998,-0.787852555769537,-1.92466041152341,-0.137770533436744,-1.5020711786415,-0.875721405238805,0.561917771412936,-0.710285549994346,-0.367246623786659,0.6726595678579,-0.414609514388562,-0.382213961590471,-2.35979502533707,-0.78971321573984,-0.0800501483812413,-0.0550354587953272,-0.159405229976845,3.30539318385962,0.710502638056127,1.21805175858986
83,-0.259232358224129,-0.572004589678221,1.17787019154931,0.153703284122847,-0.63701115666332,-0.795606955687107,-0.0876217282632725,-0.506827541883627,-0.950583725141723,-1.56398021463109,-1.11762422229873,-1.36328507064601,-0.143341944992633,0.436447069062354,-0.543853296671276,-0.00713123910412272,-1.29033728105203,-0.382241420261997,0.0285319469214788,-0.368433849441925,0.712942091005771,0.133946753013872,-0.650632253338314,-0.299844711908269,1.35260457467666,-1.31912989280554,-0.72942949638119,-0.0105626294023077,0.534645793814254,-0.734442486825806,0.972430413884235,1.62362627324789,-0.523785801146729,0.776474273720857,-1.11672280306513,0.723691378775985
84,-0.236175992523477,0.732160433343063,-0.353295602154183,0.278964698923969,-0.305282605080226,-0.226782225479964,-0.412081990955972,0.271421584399576,0.232130595167838,0.241647420140521,0.112738571734077,0.647882480753426,-0.693940087843501,1.06042735786258,0.48730003234257,0.312853571925452,-1.19046437894281,-0.135275317225664,0.273127225321953,0.223262098469491,0.0336281917350839,0.0128838385337453,0.690395616980125,0.447084773753662,-0.0506870484984212,0.054285497230169,0.0896428071681562,0.410529685506693,0.665957647537114,-0.139283588695195,0.116141036904458,-0.308885278659552,-0.717089188547139,0.00581465115974846,-1.20939328933873,0.736130130516504
85,-0.997431777559226,-1.72443294620872,1.10627277940016,0.476982793153799,-1.42620211798597,-2.21165372598031,-0.273499700801837,-1.58423720307188,-1.3511140093692,-2.16698713002336,-1.19273914065923,-1.82259088488253,-0.710932611910039,-0.0478351335224971,-0.233562472300223,-0.558586521568307,-0.858238243964669,-0.858586724442514,-0.832854473554239,-0.232874588331263,-0.876345073154915,-0.850709095902232,0.321554902594927,-0.402780343145166,-0.906760937231126,-0.135615975681837,-0.333919378229356,-0.702769488061541,-1.04780292942679,-0.372545992101424,-1.22933084005742,-0.268739630639037,-0.486726532588337,-1.14660946655302,-0.64617406476746,-0.0949984883656559
86,0.980069401981933,-0.44684654519194,-1.11774492173987,1.42446021711266,0.208245287092022,-0.677437565870051,0.265313742869616,-0.15025827156941,1.01862955272695,-0.882837049272416,1.46625824899389,-0.440813844880985,-0.110507569212416,0.710590568161599,-1.00099104302713,0.667118635036481,-0.780264630587428,1.13180650790629,1.46005085523878,1.23207338010188,0.374020634299879,-0.491732703418533,-0.897030023667102,-1.10633722215346,0.903121288060189,-0.437781877338374,0.0199805469175683,1.06449257861063,0.167172432670147,0.455918578919516,-1.22141673839467,-0.108401922845318,-1.65765909878475,-0.0638082878602973,-0.807641915347829,0.216305843996989
87,0.183873667988196,-0.729637173872425,0.954094811675747,-0.845986376286456,0.0132252098411693,0.387453419323768,0.733919048692833,-0.878416735472941,0.129105912282829,0.642087996174375,-0.505220200028656,-0.179374364965272,0.0269901458523734,-0.604013523450155,1.54909795021654,-1.38053749909697,-0.5588964335665,-0.361783262961004,0.29467560517717,-2.26316967871796,-0.33792620017086,-1.53646555066436,1.99160765576419,1.73619746546805,0.685976176267206,-0.539681285966385,0.2032048472727,-0.725876409573659,1.29199255734644,-0.0643930499460011,0.332783412060652,-1.35380279423678,-0.871445424249578,-0.37271418804079,1.6259735542969,-1.65297160954399
88,1.79593123322537,0.969807988670381,0.2753812624012,1.28524069758063,0.328076229764433,0.491199501833376,0.95077870216106,-0.524873343750025,1.16184846109414,0.423580559868952,-0.25971287963525,-0.352961308619013,0.481937328199544,0.127332115198077,-0.537073220767612,0.467516879195196,0.613239351580874,1.25589085371562,-1.10368800886907,-1.2123256699093,1.54901597555061,1.92052799639495,0.988544129369057,-0.437927385693785,-0.0311573597147285,0.360944646526633,-0.783784820201198,-1.44323324817627,-0.876219656307363,-1.71787750977409,-0.049651017637583,0.100359312624114,2.24870685598514,0.735402831706009,1.10579518928504,-0.529247283752269
89,2.20643572836854,-1.74143843439558,-1.28467780791393,1.62285259713964,2.06430887949415,0.139818406518778,1.64748937406757,-1.38305218806006,1.47902795138711,-0.674824854766065,2.15677901482641,-0.328607016432735,1.71799108216894,-1.46798793894486,1.04818068870643,-0.629547478636686,0.388321336174561,-1.31676172871002,2.24243204264946,-0.625217431828751,2.11691592626334,-0.14398214840878,0.83907028994303,0.42982895224076,2.40198409766916,-1.8822248814697,0.0444831638583641,-0.053660649561156,2.27246928133707,-0.609392754247548,1.15148759721688,-1.80754392833818,-0.369704189097386,-1.57531093508139,-0.165927538359568,0.222112157745878
90,-1.66993564985822,0.262585931846793,1.77732167586519,-0.709596771353741,-1.68044424935876,-1.23421149336555,-1.62967689750442,-0.450384807349529,-2.02458883713496,-1.05335314920078,-1.88517128298893,0.0577546252782669,0.120875913458088,-0.143337277592589,0.399565169807785,-0.204606536545329,-0.0434141793488116,0.133430647736457,-0.790881612697747,0.178104391986735,-0.635972964608798,-0.622369738804608,-0.515605540062227,-0.707206401422047,-1.12613761392481,0.317559943995736,-1.24520152973661,0.411194387192106,1.47422890120497,-0.118853931143642,-0.422575928107559,0.0712939441830366,2.14656111576672,-0.744926537337394,0.160000483734057,-0.820077025379776
91,-0.582876002080465,2.11958787832358,0.567634375829021,0.421425002204383,-0.00197848196358063,-0.113057460267375,-0.562417632481977,-0.159676406784767,-0.313090746994834,0.678489429509412,-1.24703964567445,-0.0420229446385693,-0.195910814734557,0.878605203538582,-1.19351570809466,-0.0300220720626223,-1.48711410684909,0.310496915513076,-0.453747154808306,2.99953559841013,0.709014229269641,2.06155974508863,-0.480694564375958,-0.516605781860027,-1.33793884269722,1.56953829252071,-0.370482483146559,1.8312001261278,-0.432114308221026,0.693768520623652,-0.619110455748379,-0.10916995413846,-1.35311757304209,-0.474367683171197,-0.835792144379129,1.15785764757973
92,-0.821701040555645,-0.463351429715431,0.669263330423118,-0.389240724995069,-2.0379079241445,-1.63244699960355,0.913579539987914,-0.850262713386205,-0.684719908053496,-0.117224885743884,-1.64661576920668,-0.247901331399335,2.1502284343581,-2.75046105264003,0.256035729916064,0.178271046429779,2.74636346085128,-2.13996441760889,0.928646298831786,-2.1699007802404,0.0688183853594892,-0.524952881200773,-0.329927052559071,0.0457304481417113,1.69699501591187,-2.79653036821181,0.405850232041489,0.451107355965005,2.23615088449147,-1.78937072565565,0.824213400174635,-2.44021987851519,0.827928429105288,-1.6425878948076,2.56050082627045,-3.16272370522829
93,0.0672594097230574,-1.24311233597744,0.780397066527415,-2.10868307124794,-0.119512208473374,-0.820706465262295,0.0299124870264984,1.79815222310945,0.484391768392186,1.18406782450145,-0.852115832716997,-0.645680307285658,0.853011312892048,-1.13510583573588,0.642175243342452,-1.12814054040893,1.26536451181252,-1.72605194732639,-0.949251003528964,-0.453846291712065,-1.2658200641058,-0.966564156056899,0.395556488541884,1.03624249934513,0.159181010273852,0.210841558899322,1.17020949228334,0.0576922357642932,1.44579558438175,-1.90136507815341,0.741728991071436,-1.45375001890979,1.1127292061446,-0.341254539501045,1.40021318033778,-0.390261643630333
94,-1.8467510670271,0.171046374921607,-2.88526471088681,2.64457077752398,-0.219632805523968,-0.575278576772806,0.481621845671097,-0.576653004446706,0.0850761984943166,-1.31002844513663,-0.185059964641327,-1.40821376011982,-2.36148444630195,1.73578645587934,-4.44170951904235,4.66236751150934,-0.7325356941481,0.739879848552315,-1.23945876396016,0.694165487984302,-0.250702334075367,0.0900253668568555,1.42260983064255,-0.541216362386451,-0.534692202755402,0.412954659333601,-0.17123809873491,-0.14560761180817,-1.13841497339972,-0.842123957835284,-1.06068719366452,-0.419579179728506,-1.12912650532853,0.803065150223372,-0.927783677053097,0.320565821075424
95,0.850871416039198,-0.86927249356159,-0.0902657054220336,-1.22901734761832,-0.0925396256219904,-0.25630254281041,1.21426293945614,1.44973164094561,0.810212900482008,0.230695476861881,0.204609979455924,-0.037673851167069,2.34626600175392,-2.26593167372148,1.26624830237002,-0.673771938112697,0.124252601333321,0.426133926958774,-0.560748875539967,0.65760869250893,-0.0725442587217775,0.427553007858602,-0.401364700813765,0.266049765729839,0.0978509318005388,0.104598405984299,0.268047270823624,1.24151729815915,0.0373531145877544,0.194302520913394,0.120691737512763,0.413851145704029,1.6640771105268,0.0686304840406848,1.35429349585951,-0.906961538850246
96,-0.649977484544619,-0.662026660265545,1.32253157615014,-0.221639868960591,-1.12937303875736,-0.384123904219544,-1.48258110442291,-0.884263777864838,0.0688931952824145,-1.45686828924091,-0.79970389544987,-0.875379296345417,-1.84581108785302,1.44830434038926,-0.206764748620506,-0.110037335952971,-1.54563747656937,-0.258995307206234,-2.15948492603957,-0.206181261697793,-1.87642519575042,-0.736969206488012,-1.08080556716274,-0.799764380139366,-1.297209419589,0.227882022059308,-1.992397736649,0.414545805969257,-0.185586240480146,-1.34930359595849,-1.48656596743796,-0.114448651893166,-1.62964598665001,0.179371307449543,-0.499280658323495,-0.215430079938103
97,0.882669114972987,-0.152290289996661,1.32148935465664,-0.494227388453418,-0.344958494996152,-0.147932480469817,-0.586446017031375,-0.203855023476097,-0.365832017905848,0.0788227759758153,0.49074516356269,0.559329712746461,-0.285302704811179,0.428895223366798,0.339466134444592,0.082367204981606,0.243411247845859,-0.276776233723936,-0.106207884219726,-0.358513776487622,0.0083931078161092,-0.190065040038644,-0.950691799728657,-0.408505778057203,-0.209366540484798,-0.202202694107644,0.196415647794422,1.43292751879135,0.917721463879682,0.096570535835366,0.3702149449175,1.75118062865774,0.424388164240941,0.794752332730243,-0.15518130618308,1.01464381611547
98,-0.538253236157783,0.762948382028162,0.509704834182821,-0.579583408642978,-0.281514709849498,0.393472339393498,-0.426947387742687,-0.249005084857043,-0.127350771148145,0.824290741662296,-0.625390504141606,0.889887640829003,-0.646496747811241,1.00811176277593,0.687880794527426,-1.51092039360873,-1.12794198843028,1.00379254469308,-0.0936820409526322,0.922734826889933,-0.452105773359488,0.556074872504231,-0.17423850490629,-0.256390079433965,-0.804610756491249,1.34872717834073,-0.602226880773963,-0.101678522572708,-0.2815930390122,1.54587646085052,-0.290286745621741,0.422918671943178,0.465133635063582,0.474816523526611,-0.693458694945327,1.11872947497474
99,0.513205274389457,-0.546257303808196,-0.349371795090335,0.709625914463784,-0.148213440834718,-1.31680768598611,1.00093025255232,-0.408208181881182,0.281565113714469,-0.810819851932111,-0.360593467877131,0.413512360396319,0.844853751298721,-0.426840551127093,0.893201719812425,-1.11319586903131,-0.190349829362527,-1.36010152641197,-0.422940681900952,0.840791963848179,-1.48749345655873,-0.466638259428068,-1.81904659234205,-0.991297427075098,-0.833607729531999,0.16707814284802,-0.316880853347153,1.46894178111787,0.832728945914622,0.137198926175791,-0.59987256767347,-0.411674587394738,-0.478533613422381,-0.609885967923867,-0.559134258736113,0.660831743140048
100,-1.1563871936119,-0.0328185220698056,-2.43307451329641,2.53759192381724,-0.400423022015905,-1.0987066940642,0.908635331134947,-1.23459346256356,-0.368137481777937,-2.02008649140264,0.0946010356981923,-1.26883971119918,-0.821348250378978,0.0505007804508014,-0.560893682575481,2.10863224788589,-0.612459401940551,1.54655721094235,-1.13064390661829,-0.268369758070255,-0.242193362023745,-0.734900370479967,0.85591410131386,-1.48519457000463,-0.121352398406091,0.308086862144874,0.692993848124226,0.739675038168681,-0.61301451277699,0.99590449565985,-1.04223733612723,0.529590300614412,0.0279775813794962,0.720358273429891,-0.683961889969865,-0.014373376825544
101,0.560492511000187,0.368309311068027,-0.167584907141576,-0.163137258568713,0.437962000663942,0.481802618301773,0.156366114765798,1.9832139150733,0.791759205281615,0.925857730890834,0.067154405845385,-1.77582177830576,-0.929932943566591,1.19936336899764,-0.291690723876206,0.602303732904807,-0.697756168376592,0.924860889999512,-0.910663470271605,-0.668625860380154,-0.96808191709091,0.567792508358813,0.978528342838589,1.63923083756131,-0.578156441922136,1.47362294570844,0.0674844947131792,-0.706930932890373,-0.337289501983424,1.0735338463967,2.92158754723835,-1.8054867183035,0.123798209547584,1.96026170404081,-0.170842107159027,0.930214881183527
102,0.0852618028735878,0.905301795695011,0.770557710539049,-0.209363501524712,0.0476777420607799,0.927187042605424,-1.43428925167752,-0.00176810973808001,-0.695469579615019,1.49127733937798,1.24380797048572,0.214678971661728,-0.56081372985187,0.871465966619546,0.639911739421676,-1.49503430418483,-1.59550470364161,-0.321454646817529,0.926592023472019,-0.673041912486096,-0.229588244166806,-0.0262078624864722,0.660680789264262,1.15181234387645,0.154102621927076,0.658594413094253,-1.09657402249768,-0.410022750536285,0.0490444655054215,1.06453307641946,-0.622178834851355,1.66909291752056,-0.23837273224141,-0.317848114843451,-0.871461754595969,0.237452959187208
103,0.844662749170004,0.522021501658639,-0.121949660282716,-1.19630985044319,-0.758222598437701,-1.59183699394107,1.13086081845024,1.57096842024116,-0.182508791096066,-0.0992289667723363,0.398889001928724,1.74447822443752,2.29467911933377,-2.92637092773607,1.24725773113796,-0.20190409240372,0.922734513222432,1.40106976627335,-1.02690993610159,1.11999668707889,-0.491876945968983,-1.0411196749861,-0.620704123686531,-0.283646946300124,-0.0995021350949196,-0.370811832168413,1.66889422277198,0.924618017158337,-0.0692405080623359,-1.25694572569863,-1.06070348238212,0.0506251991435924,0.165015804040685,-0.311653719305335,-0.519973647657103,0.014006502941714
104,0.132407355721907,-0.821542817373245,0.17740062814767,-1.32999607523472,0.469609590001497,1.06787048519742,0.226261921716128,-0.866897281852317,-0.0875258461319118,-0.622557907085698,0.509082744714025,0.133696970351851,-0.667330772253634,0.163379427262475,0.0938146510087953,0.0693780106457275,-1.21821533115509,-0.0829878025220058,-1.32618606783529,-0.7599449112513,-1.01054473124417,-1.49371762232471,1.69090329567689,0.896030998855603,-0.722291162490787,-0.279256862819806,0.994906675437446,1.17029536702562,-0.826083898297376,0.60641519066758,-0.044040401325825,0.738732061560217,0.807315080664495,2.4393915861574,2.19262443439105,-0.773402416327728
105,-1.19513154183684,0.230971687431158,-0.603746574796198,-0.78612324973549,-1.2356489684911,-0.259576027224383,-1.06213838790268,0.90060916604102,-0.721112521002645,0.208721383214132,-0.373423257759011,0.759202765766516,-0.403467730546361,0.160611165870232,0.998694142232234,-0.912270004952886,0.0881738924606854,-0.439772150194629,-0.91667663390184,1.08057264700017,-0.117848431092796,-0.015295904560713,0.337529228056394,1.12325174714761,-0.78072834342466,0.747481495808281,-0.476749154337596,-0.0394931338964912,0.122952373994956,0.511542366056229,-0.885707745709383,-0.338203032478688,-0.331834738327998,-0.543782919856723,-0.807120713946891,1.22435602293921
106,-0.881839607167146,-0.13533123097971,-1.07357587459289,0.324306710754263,0.213096412732776,-0.333343696892428,-1.37922284874525,-0.613553553564344,0.248631714960184,-0.0148822679216725,-0.613908587308454,-0.304892239285558,1.59749151737112,-1.15638875235509,0.883465363294918,-1.56021859776987,0.683413281139892,0.615101095479354,0.536065804888906,0.584066270045799,-0.849020117653299,-0.327682731223451,-0.40381915123629,0.648900795032441,1.9474898250285,-2.42088675592,1.0704012735612,1.005371394772,1.59540785697963,-1.12552959507768,-0.244871999277411,-1.2729550325903,2.06089929650567,0.623815129324036,-0.904809402372441,0.740432272710709
107,1.88518897771165,-2.56164628138649,-1.88801046391533,2.12231841414382,0.930081314678562,-1.21524994954919,3.52293755134046,0.356454736973218,0.921340445085427,-0.838011483302208,1.32603223404274,-1.42689977012915,1.53590765313289,-2.10724310289772,0.69860816856186,-0.97599813418474,0.677094119163061,-0.882026745297775,0.429214148301986,0.251733614984441,-0.400850217936651,0.558642926990071,-0.286766294993705,0.309781085055215,1.31783574876909,-1.56630124681127,1.70337777000845,1.18948330468504,2.04337049728011,1.12540694599129,1.40457156587993,-0.462293426771419,-0.204326680506539,-0.237301302978377,2.22196240191864,-3.06108784193528
108,0.88114451663531,-2.56848060798593,0.00488325466246999,-0.450335520976173,0.509357325084432,-0.92321429717671,1.55849535460713,-1.9467324940969,-0.0862918202994281,-2.18426625613667,-0.000330443998472936,0.515103131031246,1.42287142172621,-1.72318055638428,0.271264964934991,-0.526834206412982,0.40907851813187,-0.268860774101338,0.0317768763433808,1.70845280056389,-0.101900336651169,-0.0945779786295045,-1.24043617747233,-1.03204951814342,0.896323641519236,-1.54251408169065,1.3816343098319,-0.15730296326792,2.19723060925089,-0.138531690206632,0.637605430331744,-1.97112401528611,0.463158061367082,-1.4538237530379,0.815079044890781,-1.81470941952898
109,-0.00912310152736071,-0.407328574128828,-1.59301129543939,1.40113229098877,0.405394685111494,-0.634519094297471,0.255211802674938,-1.14758993115976,0.0755137070394806,-1.87254394400651,0.59174397704198,0.532014960543978,-0.340695190377382,-0.0989991288252991,-0.354314042501745,0.2353250380465,2.13385613425454,1.3424813602977,-0.438648783063731,0.691757172069214,0.0148044758426034,1.18550326133701,-0.466495098274124,-1.56886063473961,0.704228651755667,-0.176403417773514,0.115684367915013,1.50184365311118,1.68776370798463,-0.035437403104024,0.491179476462436,-1.59636805657582,0.00559734132313865,-1.95378919982007,1.66234133081217,-2.60820727727264
110,0.910827938311503,-0.381873328324151,0.454753693227088,0.0805935564630664,-0.963486901474818,-1.13900921322815,1.14029436266732,1.69351124221509,0.0538181490346323,0.760022786838904,1.16134095230365,-1.7108058311875,0.728656780705709,-0.369711368097143,0.256158764087654,-0.352090550660639,-1.32660592794761,-0.71493936485261,0.328985384763504,0.627015670662642,-0.898587530927035,0.537379550053869,0.229315200324814,1.32982976307157,-0.915150290497596,0.262522270822314,-0.647630997691514,-1.18172281195891,-1.23881999710232,1.89640335408241,0.364483519948801,0.576598509006684,-0.22174034721496,-0.142004272905554,0.666452712140836,-0.812299268418522
111,-0.452126131361926,-0.130670711020948,0.585369790531061,-0.399920249898268,0.0942272525193657,0.123648169795714,-0.340719793787066,-0.396419071870826,-0.317593121619063,1.28028171690917,-1.11177353802163,0.0224822719869635,-0.0199482016665535,0.361742946504832,-0.531969351847685,0.23039566872975,1.40283905040657,0.729341894814534,0.787957875885808,-0.486962221416584,-1.28753615492841,-1.01682790410536,0.57727673340044,1.38644661529209,0.0130848136729775,-0.3086349038427,-0.67053630488632,0.317533668764051,0.232705240656482,-0.339721562552393,0.768009267658224,-0.424691175065483,0.123750966873082,0.632152245613073,0.468969234661454,0.198633622093353
112,-0.777972895060179,-0.592553286985697,0.186238262701512,0.644027189644463,-0.830322799846725,-0.968556749393507,-0.129529628257387,-0.740676984766871,-0.830203962223114,-0.780248920814811,-0.92498404423389,-0.690553213278435,0.267845235245891,-0.180641230026446,0.795088494092543,0.0224916962257415,0.189077501484854,-0.714799438702983,-0.941933290438722,0.0453835627755915,-1.440601030972,-0.534398497104285,0.097302533880163,-0.153856763579185,-0.0519397950044666,-0.300716975249199,-0.269565901893949,0.0329163110345681,-0.688062199866464,-0.291782511866186,-1.17466898321979,-0.340615153586114,1.39490651334666,0.670654285706505,-1.20939328933873,0.736130130516504
113,1.28679690349248,-0.676749552074356,-1.31957856440301,1.00042775850897,1.4729734247478,1.03071838743237,1.19034021684156,-0.884882884629007,1.05827104317425,-0.0492649152840579,1.11606263047262,-1.03487621950654,0.592923529816558,0.347698485197651,-0.752476243481648,0.462909755694179,-0.251175376449776,0.397958234001033,0.137232908865476,-0.00565193960433809,0.552320594262445,-0.771213231847218,-0.333507503647323,-1.45111829825526,0.789708861949548,-1.24826838239801,0.062585856573223,-1.0115638648237,-1.65792147175201,-0.717470760641832,0.147864837451085,0.883118275679758,0.932692344934811,1.73343093349775,0.0893601115931133,0.604055007370595
114,-1.47526357635201,0.558123053087376,1.63204568142666,-0.531996066943034,-1.3791431799947,-0.609526001007044,-1.2845373853913,-0.347263156001057,-2.19708820207413,-1.12656295769133,-1.79466470851817,-0.243427665592295,-0.360926675397847,0.739227606487496,1.57615745079777,-0.621049949214901,-1.2401931580503,-0.0756872330232133,-0.715499163995094,0.463989353745332,-0.362784534191795,-0.0401871289920113,-1.09816610758265,-1.13502350995198,-0.947735849578004,0.813109597433533,-0.609749501075513,0.209563542837248,-0.25915191011975,0.536127432029089,-0.771140450735975,0.46050270128169,-1.35773253854745,0.369131869658988,-0.666294255868134,0.42412815259536
115,-1.20858425099129,1.11083328783994,0.707662581134439,-0.878843384676792,-1.06134615550719,0.379910030778015,-1.56583021079771,-0.561305341402115,-1.12402417660331,0.448343005610791,-0.328896058196688,0.564440013511661,-0.446878542111985,0.346428539277558,0.230934530779507,-0.0201923522848611,-0.360543861010865,-0.177052470954192,2.26212921684836,0.143182019322784,-0.648176946268453,-0.890788844577927,-1.77444185461661,-0.846241906119727,1.03516975494373,0.572206806714833,-0.630836946417066,0.374134502902149,-0.0673226243705795,1.55504755575609,-0.626141720458282,0.78872579857374,1.37932965197879,2.07164563953751,0.13815279020315,0.507135585624495
116,-0.752224084846006,-0.611516636025847,1.05344954265213,0.276101048890053,-1.18565808038391,-1.44461135616717,-0.704169969338992,-0.94581517087756,-0.774118974033812,-1.07078146425206,-1.01790028316232,-1.34990630334768,-0.602762279896231,0.369440391361105,0.782071620982978,-0.976880107945083,0.359713260588365,0.764574382367074,-0.155665359123043,0.308216434854032,-0.404469462249733,0.0378034427893722,-1.30899999853431,-1.08524646615312,-1.18816812132736,0.566153759752323,-1.05100118243505,0.38725639660337,-1.76359266712926,-1.20748319196941,-1.11425913982131,-0.0226442856106627,0.243566768820417,0.261281353098582,-0.369152217297904,-0.396583543034494
117,-0.911099649142847,-1.9560777845052,0.994097989852506,0.110698095250288,-1.1842044985617,-1.40907879752617,-1.06826637407975,-1.03157760120202,-1.310092436041,-1.72926819205171,-0.795176505229347,-2.16100547734746,-0.179154506811815,0.284248434108631,0.399840335525792,-0.230911276972978,1.16199455843979,-1.44669919348246,0.504592915018341,-0.459896667383132,0.247118345322055,-0.804433409629458,-0.882123933669726,-0.388227063038242,-0.28447132175016,-0.47648200163891,-1.3518986199002,0.287415650472343,-1.27109748378234,0.118711076091265,-0.0225755794468566,-0.0759179773064067,-1.35338414707409,-0.106343132509848,-0.215627357215916,-0.0140601081399355
118,0.885460463519523,-1.05002823314538,0.150866522692403,-0.122678238069076,0.145751492907542,-0.047491723524448,0.0754530155198302,-1.76283067399446,0.759352055574919,-0.302239172379543,1.0192864688344,1.54265624456369,1.56635928497841,-1.77940231526088,1.9018783070991,-0.580885359854195,1.34175395868787,0.345695736863929,-0.494964305783825,1.30647649620325,0.823837536387102,0.204956668996522,-0.80702742488664,-1.76808919632739,0.702511763775996,-0.473698023833005,-0.580633265997182,-1.11454490937724,0.216197207885267,-1.00562883439442,-0.318504407632619,-1.12743422238203,1.05794774957962,-2.33172348372276,1.18315365558491,-2.09063778017128
119,-0.105323390240259,-0.0874476812641988,0.278787487147898,0.208385001059238,-0.461001534971045,-0.15026061092861,0.34361090521348,-0.00268581466068984,-0.32698049778405,-1.26474177860288,-0.0690253260866977,-0.608297025556269,-0.285005472020116,0.0933801458205844,-0.167248144664454,1.09927801758426,-0.877194937836205,-0.224769658368904,-0.479757620926918,-0.0388538470407699,-0.815033925857003,-1.19851340574155,-0.555433506587445,-0.066268496397387,-0.687355821664705,0.283357680558877,-0.955806581850452,-0.354467538361628,-0.394064300115958,-0.551457991087457,0.0121397656575398,-0.223867543128914,0.266730023161627,0.487378422703216,-1.20939328933873,0.736130130516504
120,1.22310759472833,-0.00162048627574147,-0.500370722696603,0.730893784911408,0.418883912570459,0.0343490236003472,0.35427283517704,-0.020450896450263,0.64321653323685,0.387820319096458,1.45746260701129,0.784929649162564,0.392348456212989,0.20483001287473,0.223076743114363,-0.00280460831042745,-0.161629409124984,-0.510506318867607,-1.32560882517765,-0.640527855737233,-1.51570428181488,-0.976748155429664,-0.318186081876711,-0.59075514244453,-1.08972404278917,0.219407743197933,-0.666242910819217,-1.40289460616191,-0.761201486026762,-0.235163220163766,-1.31973768985094,0.130340830299842,-1.58341826535284,-0.712534741317226,-1.20939328933873,0.736130130516504
121,1.06339602950612,0.102376618711567,-0.0379166264496505,0.126223144196732,1.65432872949319,0.955881220212551,-0.912845019854976,-0.679271342846031,0.586011796906029,0.332244883510504,1.31178259587044,0.478719399739554,0.68080544919463,-0.692729431191549,0.994816857495091,-1.16978836252331,0.0698318970657751,-0.789192258210553,-0.591289488605467,0.215348938903376,0.240941611631695,0.113974878365078,-1.2903772828069,-0.454901278216897,-1.08035350091354,0.166382148396544,0.039869545720823,0.152294574481552,0.736676828299438,1.51443910709881,0.408753849352735,-0.171765814822365,-0.209382131193957,-0.779229872003814,-0.252365681274936,0.0790049923720319
122,1.62413678235075,0.703240393897526,-0.831068187601346,-0.0761060375905814,1.73808300000259,0.865608426650832,0.744663258505693,2.02984867970562,2.24572018924956,0.756100504650812,0.754916865457076,0.36200464135732,0.559780181683022,-0.581272786318243,-0.127644981271847,-0.914798046266194,0.0885377462967156,0.58162567762314,0.916986260245052,0.512014304831437,0.813782044134553,1.60993192611356,-1.30943555529229,-1.06290829789496,1.36057439153448,0.0345369612466742,-0.58353921718358,1.01811236819519,1.33145978885613,0.546995093684337,0.930710079186223,0.581242038536004,1.26605009791205,0.924603708453883,0.678677070789322,0.418299079639268
123,-0.922045139233739,-0.322056715248655,2.09601139889776,-0.743835274118729,-1.37390930973359,-1.16373635131464,-1.55640369783444,-0.524074100310716,-1.44523438861434,-1.21733249773363,-1.44305591924616,-0.958328819002743,-0.457592415376963,0.344475261464826,1.01318062382394,-1.17899984340654,-1.50573333044553,-0.330568795682144,0.175269702244556,-0.465659508914077,-0.796736576914027,-0.932780434540246,-1.1216977241551,-0.999666639282997,-1.20992254344321,0.249439285871498,-1.19739763106789,0.206876825745509,-0.647098375973736,-1.03522800015057,-0.899472114847071,0.53666935787084,-1.49473877692364,-0.105973483044516,-0.571308695018366,0.641641053639059
124,0.0150615518942557,-0.324164918093439,0.150534391533503,-0.442706947843856,0.357781593312776,0.94907513313172,-0.789163388461556,-0.52639551997802,0.298776623594014,-0.175344317305881,0.327018542629743,0.939082949210717,1.46596534664139,-0.89196486971627,0.976049651486305,-1.90164756378517,-0.660552524487954,0.869535286926754,-1.59858402847077,1.0763861412036,-1.64914293861849,-0.764132486486521,0.1844931156665,0.496767139375995,-0.0605201299786366,0.19359927325778,-1.47322775391405,1.1192098566443,0.315599838043935,-0.282745164934199,0.555546838235643,-0.850605804251082,0.41201270001954,-0.195493723448273,0.297215104289289,0.0948738099626411
125,0.703969099787799,0.990888734793339,0.0536833855429334,0.335605285051993,0.110378735819122,1.05785891684642,0.102464912836322,-1.5927955406864,0.446086001994352,-0.0375080626340323,0.46988649102142,1.4164462350873,-0.661955398745178,0.40025472888653,0.210075611472459,-0.182623488277623,1.62364603264133,-0.150961725028916,-0.301104548967326,0.190663348460762,0.113454306172026,1.97325659465354,-0.116638711184883,-0.386897624959756,0.113762827326376,0.0447342037850377,-0.595044757740179,-1.87476073969476,0.175781304388046,-2.26647155268891,-0.778312805556077,-0.89072778783737,0.729554382193435,1.26409542211188,0.423259036755368,-0.77972431573189
126,-0.875999240875442,0.401907780858855,0.493295007320893,-0.794769061074257,-0.638120619073805,-0.604876418848638,-0.435944389676223,1.85802876888561,-0.563269892938117,0.717613571266176,-1.41726375327864,0.279351797573176,-0.307281288244603,0.743391650552359,-1.26371728244163,0.989846088518213,-0.697894616341337,0.802813466185767,0.560806108607318,0.426143033119334,0.546219494536637,1.75204442754367,0.515553072169665,1.39662966931989,-1.03808820140483,1.1348684232766,0.134296281042717,1.72301544731418,0.219109937930817,0.812896359898469,0.193703480556834,1.68090113767963,-0.754006576849238,0.34366384452232,-0.939929248452306,0.624408139625093
127,-1.64805388970927,0.644369726219942,-0.612683689944918,0.256737186397039,-0.803848710082015,-0.222362756833364,-0.759678123704392,1.38035473605652,-0.196729018506586,1.40897442769452,-0.18721486011962,0.0897286787434096,-1.55485413539649,1.9736513809988,-2.55163509538676,1.6655236811561,-1.68513762887294,-0.190293074139168,-1.31247923647357,0.634326858026804,-1.38226562501126,-1.18936382437281,-0.348122301522395,-0.541116442071202,-1.49432306046888,1.93714327182394,-1.63816036521192,1.61627758814834,-1.71667287123247,-0.209028584568599,-0.684792465144554,1.75393240596416,-0.700116643734113,0.853100471667929,-0.81080686715674,1.36040609175297
128,-0.946616227783764,0.295756812511946,-2.03238807258678,1.12536912384288,-0.111366112188389,0.510272656259585,0.401691630225827,2.63077834562672,-0.457455372604375,1.41954006644165,1.32979548175323,-2.81460635029649,-1.36545526064249,1.63431950865937,-2.14764687051908,1.53242146698873,-1.50448663421874,0.862959529745173,-1.67454371983106,0.671084123930934,-1.00618910289762,1.11944107496119,1.07744371531949,1.7850420818932,-1.47457471945022,1.7931638573545,-0.650179229390427,0.332771281949276,-0.0919506471973466,1.45639146277398,0.505784118719082,1.14542694569926,-0.818487680954841,0.215516970856334,-0.988033623425458,0.693837137367401
129,-1.31193535366041,-0.242627547295938,0.446620386321003,-1.39860588587978,0.659134568040607,2.39468596711363,-0.870429842795519,-0.940154064047175,-1.03058990215377,0.17038179144818,-1.12803938429774,1.42503117476635,1.25063285303259,-1.42625300370425,0.262364359258177,-1.77476829966717,-0.607880818247975,-0.25211210496275,1.29979040801808,-0.477472726116093,1.41332844679276,1.12393896125787,-0.0327453783583911,0.460826012879205,-0.0102176112895258,0.647989658077644,-0.508512695752464,-0.0742472213727394,-0.0964731222941034,-0.102816538956365,1.05041874510169,0.280690347877855,2.93970500391421,-0.624835356521956,0.53494032319415,-1.07190088692986
130,-0.112152981735393,-0.0612028049506961,-1.05886725249002,0.217564337506992,0.475635294102389,0.668844862337423,0.37272731765622,0.718186846086663,-0.174461506989151,-0.174949126555622,0.199869441664586,-0.629616524531103,-0.90085286841792,1.10176298987731,-0.314077636229013,0.61944807663146,-0.417405522882166,0.765575147643242,-1.62785257883683,0.545158586860205,-0.878217195211103,-0.160686499737723,0.621412419147957,0.284553062039186,-0.620062775776232,0.0559636614944766,0.064988689302003,-0.268555279451316,-0.741029370598696,0.345005245323753,0.325738168216396,-1.02100311713849,-0.31807599100527,-0.580817917902427,-1.14452394894721,0.72742300429814
131,0.642236999536929,-1.08710281307196,0.708658422994623,-0.972354110726343,0.0975171607841279,-0.703590932207513,-0.417838960481694,-0.6508408061503,0.171662896440605,-0.443469254669463,0.687030484866076,1.48733938729524,-0.693997999414613,0.114900781212747,0.021609244982019,0.120307790592551,0.966714941238072,-1.61261828973918,-0.758404301656651,-0.548692810396044,-0.184802574972406,-1.69792209336837,0.406221133766254,-0.342328556437198,-0.299438900977154,-0.407104385571574,0.832205122745672,0.665766389943406,-0.205428300058432,0.412673609557643,0.861577266261268,0.428642171071316,0.685292235958423,-0.348110382344709,0.688938307095239,1.02154949673261
132,1.10303386080016,0.195317404137705,-0.925840778369464,2.01009224905437,0.732759275903707,-0.453042296707829,1.66110025874839,0.313827302931848,0.45052744246065,-0.316148530820485,0.578856825508753,-0.245228145977801,-0.246035435633443,-0.469676999141779,-0.303690617223814,0.3404958746343,-0.966412519173302,0.272534185750691,-0.225585384073744,-1.97209503492654,1.4600960039106,1.92471938762446,1.42535961818433,0.671126390619492,-0.402573963334769,0.810371051762122,-0.199194142320579,-1.10512744664189,-0.157646742889867,-0.673262611925642,0.452475789258522,-1.18415010602283,-0.821115550201338,-1.74046554792066,0.194067007273371,-1.22771216191665
133,0.866273538185035,0.641935755877806,-1.28987774752015,-0.0786748669266752,0.683595942553823,0.616406256375749,1.67979956611967,1.12674135137881,0.892234215358388,0.501097142938196,1.30875027849275,1.01054473166743,-0.658391637943347,0.676357962656063,-0.579448025038319,0.651230095112726,0.121370248546438,-0.0307843902504943,-0.395671501036706,-0.668023987424498,-1.25054008989225,-0.0228296791776037,-0.258547169506019,-1.24636671396844,-1.09000403412364,0.746068260504925,0.168023083280976,-1.8344186651482,-0.667481856957853,0.514932632605444,0.215832941858674,0.428199418841302,-0.790729796417992,-0.0334906527636072,0.188139793026681,-0.269187740700578
134,-1.60285459839594,-0.242593699801364,-0.686030782048372,0.853159502795892,-0.938597958506802,-0.839098416159391,0.569495456514452,-1.40761492664527,-1.31725258293864,-0.379986779318257,-1.30480583171529,-0.50105944731902,-0.175177857053087,0.0432258646412319,0.289110665241786,0.383627651606626,1.02435580083964,-1.16770580907761,0.252588848922806,-1.34883150314381,0.22445763559004,-1.1627535532978,-0.0530456011665365,-0.606858229876143,0.427897485791705,-1.177576989022,0.0732619526465413,-0.812238817282556,0.156639993250024,-0.840083996886471,-0.747562928516416,-0.569212668264262,-0.019453807915363,-1.34220896856457,0.408419385670614,-0.446755323811951
135,-0.914352398271757,1.31864530575329,0.0213832554380245,0.690847408252932,-1.12003894715633,-0.585687068008949,-0.809762891472777,-0.328443569129976,-1.37955373200218,-1.11248984726315,-0.764163952780023,-0.74059776819738,-0.945886297462591,1.15283800076064,-0.978765609433481,0.217779111406614,0.220342804234184,1.86659686331948,-1.10324748240236,1.35573473075066,-0.187927933361041,1.13249658345173,0.304206497165875,-0.836794171929989,-0.222131615794948,0.84702337889716,-0.914044887920185,-1.01669827056324,-0.794382543297701,1.06693549895942,-1.15852002857568,-0.263242436443252,-1.04417875610396,-0.129760321712961,-1.10133720924056,0.683883661512314
136,-0.47898202274745,-0.819035244457941,-2.9122687064707,1.05460240609476,0.606978574762938,0.261759406337331,1.53675440178182,-0.754791062431869,1.27246674104921,0.562146927880156,1.09631498953864,-0.0742453586296668,-0.0357668944407436,0.0363338749298062,-1.04326090202983,1.81704330073911,0.354605991534077,-0.876482158445937,-0.495228265326439,0.622199401255551,0.774152987086963,-0.582011910502213,2.00066064910336,0.926228733407154,0.626257809954554,-0.740094975735951,0.871078087709259,0.0561895999378906,-0.675887489377282,0.428322547310446,-0.338070450967028,-0.313433520649127,0.455499538767499,-0.137621841779132,0.0637714640118328,-0.0110180958742543
137,1.03034561065256,1.35042954048277,-0.484857096683376,-0.316208913152706,0.632456293841202,1.42261602826366,-0.510387145893302,0.243532473237417,0.577870119008367,1.21223621687927,0.195834920375856,0.83004133427247,-1.62061685640018,1.49645935482368,-0.105790711131482,1.2834051065483,0.660691059818667,0.572318591182343,-0.997840773452681,0.890767124963773,0.745959277593424,0.214013580900459,-0.0935102913948137,-0.763262191296464,-0.631358054214412,0.980973328406396,0.835238653356942,-2.00129542202681,0.419303593758858,-1.28788977900473,-0.545728822358333,-0.810567147080153,0.457801005155424,1.24705373765491,-1.20939328933873,0.736130130516504
138,0.396075264772732,-0.255188829818354,-1.40806017059847,0.869204708045337,1.66340495370981,1.49294962366759,0.557802974691696,-0.402370486362994,1.18167930629168,-0.0391472816553299,-0.324250936893667,-0.024459617362,1.27698319354312,-0.360741297579189,0.28211145553257,-0.134985592257996,-1.16551757362622,1.04409465512328,-0.741446958587485,0.634700369898834,0.30482713311657,-0.389200696570187,0.350718223895774,0.334852807612497,-0.639294069659351,0.602763594086557,-0.0436980368375289,-0.80225378947166,0.405542082640635,0.301584235196886,1.05963871594998,-0.16909767133286,2.03099928709462,0.304703886568142,0.69968781621607,-0.700798494461021
139,0.716361799659792,0.940067132124882,1.00696421864834,-1.67268204109494,-0.17651001830486,0.533430838531338,0.0956428259898529,1.30360121120835,-0.204458312441005,1.26880478866311,-0.0713713247427886,1.64284681641032,-0.185155345654121,-0.0430709197918578,-0.742391134918124,0.332639869269504,-0.685602974465036,0.90557491622726,0.721833520235293,-0.445159040549689,-0.354417677702075,-0.270363577203384,0.381896393864216,0.744891330316455,-0.805591945100415,1.00361452663797,-0.109604628221108,0.359966987237485,-1.2347962788091,-0.91246792288959,0.725970693541422,0.893166177463607,0.329339232067963,0.491699741295488,0.557946982008009,-0.344484778279242
140,0.652301136661733,-1.51343659966398,-1.62606825610285,1.23348240843476,0.469589837819013,0.491146686676305,2.3023214948802,-0.119907392593711,1.04980586230081,0.903721127823996,0.240095280475892,-1.06704854704738,1.87074295306423,-2.38150180568218,0.239312613122555,0.0776360698492983,2.53096741145778,-2.08829179302904,1.04669274644644,-2.67893693854188,2.71664607787572,-2.20988692549713,1.42043049235453,1.60141961417838,2.89930971571055,-3.22013855732464,2.40482936273552,-1.35575255519041,2.07762728554561,-1.70772712518053,3.11199417579233,-3.69189542133446,0.995195143844445,-3.07001365361389,3.30419266032289,-2.22552526316252
141,-0.93505787652957,-0.515031627831802,0.478397242482053,0.417653982761363,-0.664010220814545,-0.576888594295272,-1.63472713739538,-0.56694063472605,-1.0417533928034,-0.837990027993599,0.130404195130154,-0.307166261176432,-0.172732304069192,0.042595691335475,1.34967240372962,-0.987075222393541,0.308261534742198,0.735918739045488,1.43537144135953,0.316301351391372,0.734900548607011,-0.0423844343863487,-0.297943624270201,-0.594848744211208,1.029641721784,-1.25062360132527,-0.55656106802894,-0.485783614244495,0.332701561201562,0.856174170744068,0.915665843104713,0.2925419524998,-0.10112940838909,0.38082939090477,-0.308925955187289,0.30074288881492
142,2.48384727867661,-1.81836660619316,-0.340573354110173,0.138237971552234,0.788842421899771,-0.523309091657574,1.73673610445575,-0.668518223183592,1.5949169376854,-0.436437255082737,2.05643468716794,-0.187813365644732,0.0904183277934216,0.453061746811305,-0.963054232611579,0.878587161749939,1.37672441929846,0.140120912403758,2.11134149865,0.694738285059341,1.54586434903216,-0.359636746107372,-1.48618104411026,-1.17287309390658,2.26140673244496,-1.26893073576938,0.560089525046319,1.83471791229616,0.799754889152625,-0.0435089593488021,1.51285768201366,0.470466969248626,-0.351964085954954,0.805925699396416,-0.231476587280854,1.2515436500396
143,0.372977131523954,-1.0411439195972,-0.40583571309396,1.43407450137175,1.02412094069828,-0.783713007244099,-0.432576923341943,-0.562621391390527,0.57430079782614,-0.690054818200972,-0.0332123395955551,-1.92608743751028,-0.22438720586312,0.423124758925333,-1.02929380864207,0.784961829703723,1.05066103451478,-1.01659144812601,0.956581896659242,-0.476010159522194,0.585738917047383,-0.250873001740458,-1.74802427586059,-1.35386974135874,1.03642856467286,-0.864531511377111,0.593912350944588,-0.876730002772481,0.647299804813866,0.031325622831568,1.46679141085209,-0.992527324675978,-0.0558370320680813,-0.33290273319424,-0.624217964174112,0.264268787457661
144,-0.081510135968988,0.803523903708344,0.202225673673343,-0.405632737142841,0.801644588160443,0.0497011513343684,0.12624829594202,1.0289882482999,-0.144438215550007,1.27861749669332,-0.492780299929041,-0.459529711094715,-2.3479362665578,1.77672924152574,-1.44940838215816,0.522598349428766,-0.128580917563419,0.592605330230763,-1.59319743107058,0.456907712690547,-0.483275455143126,1.02268046617272,0.869076409781199,1.35321339741725,-0.923565712422291,1.04370139389589,-0.418682356348393,-0.377574459873747,0.194064706082786,2.96988500698433,0.860316033399594,3.0230634310492,-0.0746208801275448,0.896706271130112,-1.02405231679152,0.711252627035465
145,0.291795981177139,0.521735991475717,0.567210696375847,0.545037995209675,-0.0726698145367867,-1.04220180241603,-0.337284268380483,0.249290835364881,-0.175871993745043,0.288740112391844,0.730781015831961,0.649681343968148,-0.700706511265839,0.193992577386405,-1.21045498046855,0.64033397468726,-1.32660592794761,-0.71493936485261,1.32391540003275,-0.804443942173403,-1.14286288395712,0.999958167311428,-0.717712507162971,0.597133267955107,-0.985202752074408,-0.0764690143344547,-0.750761415330497,-0.461845623655761,1.09531779393865,1.06617250585737,0.714358733245831,0.658902459213985,-0.00236577125927256,-0.543849666484688,-0.101305899460511,-0.470210088158848
146,-0.540238315074063,0.957118474060989,-0.140866225969463,-0.352171199845878,-1.26061466677873,-1.003107930978,0.731536603625681,2.09186921996697,1.34559423887773,1.66054726239672,-0.323112150689258,-0.487506457208025,-0.89833896844152,1.24719207933342,0.166698786428822,0.855120696302932,-0.518490317913928,0.662537744642791,-0.11031085265372,0.347438720031951,-1.01907822092544,1.62250602552358,2.02406013603099,2.3425673473234,-1.49005091237517,0.923170617215598,-1.48514344024587,-0.0793816271122698,-1.31229621770824,0.826874567633893,0.203586337117595,1.04141042716163,-0.981158371089835,0.720678701926055,0.111061274810997,0.168884696977397
147,-0.0480387404356607,0.410436192874762,0.138947013432058,0.683984197459476,-1.25573149880475,-1.80335010065273,0.423990626728624,1.69091538277983,-0.192931933772888,0.962014819875288,-0.762069409155709,-0.205364995237454,-0.90779922927219,1.41288413005351,0.10528477847045,0.165924855680613,-0.957193832650921,0.356483940042092,0.242964467196935,-0.860037716080503,0.729935318234321,-1.33381259673208,0.676138385676652,0.427561782111215,-0.201964439050574,0.846287198256754,-0.404384110485122,1.61665850842637,-0.355123631543583,1.48134600952526,0.323645749329064,0.906979084657146,0.0265332986756612,0.319394829999044,0.868396019433433,0.214397732305349
148,-1.99942378120268,0.447329302517433,2.11899461803755,-0.848374203544614,-2.0636860655052,-0.974709033617294,-1.79017693317414,-0.638587751994624,-2.47062927061527,-1.30580079904554,-1.99190527550937,-0.520316336202997,-1.16970253013837,0.907275630784913,0.174258581260735,0.599127316079565,-1.59550470364161,-0.321454646817529,-0.0382342232121351,-0.36986770257829,-1.54693248180045,-0.808856545753262,1.51702758905468,0.545468170236894,-1.40401678273543,0.589725408548422,0.08102904655585,-0.50762692837416,-1.37751789782832,-0.0356196403321546,-1.02787117285381,0.0621832912955561,0.0523955596996937,-0.147669716030241,0.306686110848753,-0.679048981407136
149,-0.0518811348801217,-0.0856974128462294,-0.0185750129990032,1.04521920939678,0.303945840749747,-0.82936515458987,-0.570861826758101,-0.084489870782974,0.705059500846985,-1.08621718422097,-0.631598480944107,-1.89695867600431,-0.594744043875222,1.26550522619729,-0.346008359112806,-0.0742897180276711,0.106075105192049,2.44749109229139,-0.404462564842785,1.44653732548239,1.30851899853559,2.56072930334014,-0.302441238338967,0.346024544080252,-0.19043893637987,1.41588921966441,-0.248230931967027,2.5115697414932,1.41943263999281,0.0583500942571536,-0.452228490525502,-0.193355174251361,-0.623909741079528,1.14538849633925,-0.438230179854642,1.58150734724436
