"id","x01_pre","x01_post","x02_pre","x02_post","x03_pre","x03_post","x04_pre","x04_post","x05_pre","x05_post","x06_pre","x06_post","x07_pre","x07_post","x08_pre","x08_post","x09_pre","x09_post","x10_pre","x10_post","x11_pre","x11_post","x12_pre","x12_post","x13_pre","x13_post","x14_pre","x14_post","x15_pre","x15_post","x16_pre","x16_post","x17_pre","x17_post","x18_pre","x18_post"
1,-1.65302322454212,0.85832349341426,0.571635170958687,-1.52201355477626,-1.64606513861172,0.606527490861022,-0.614958102068627,1.56607297770269,-1.33668872246622,0.121129801047276,-1.54345163782219,1.30461534883276,-0.0364668539077551,-1.56830115389449,1.03057104449349,-1.12266159106443,-0.982542159577077,1.19083821837652,-1.55193980378576,1.51558572977321,-1.16559474039134,1.86366399173696,0.982750409136974,0.940171841388648,-0.940677525800265,-1.21193064956599,-0.49219592678888,-1.16678837485862,-0.909082190180163,1.52602631580818,0.137357757262587,2.42174232315871,-1.46122303641497,-0.136116739605541,-0.943593761720004,-0.788183414415361
2,-0.844275443937782,-0.95212668380438,0.66190929970574,1.58057756500707,-0.949787762733377,-0.878309786989934,-0.614958102068627,-0.821086855317265,-0.875013665332545,-1.10664845446593,-0.877411067591101,-1.46218784114807,-0.295207864967543,-0.68190239835052,0.138960869870413,-1.03531089807821,-0.817119807286699,-0.576148283247726,0.976325461086418,-0.680143184640184,-0.977024038634217,-1.06963813610255,-1.52032328251105,-1.45918633617369,-0.550619219647465,-1.21193064956599,-0.269286525294828,-0.693723156208459,0.183282699633098,-0.218273499266798,-1.00494768453046,-0.64292282497008,-0.495612290703789,-0.266404068521336,-0.486521360886842,0.856625111465434
3,0.111517387685528,-1.02454469089313,0.571635170958687,1.09579770254092,-0.0794410428854484,-0.945802390528614,0.0751329564033635,-0.688466864593934,-0.598008631052341,-0.861092803363286,-0.306519150250166,-1.22503328200685,0.912250186644801,0.0936965127504532,-0.653581507572323,-0.161803968216074,-0.320852750415565,-0.428899408112373,-0.19056619962382,-0.680143184640184,-1.16559474039134,-1.06963813610255,0.48213567080737,0.201907786754084,-0.550619219647465,-0.601458483286975,-1.16092413127104,-1.16678837485862,0.105256636075007,0.288136124464649,-0.338602843484517,-0.840643157107421,0.515979919088876,0.0810288085874525,-0.577935841053475,-0.568875610964588
4,0.368846226968727,0.0979344189824311,-0.511654374005947,-0.503975843597355,0.79090567696248,0.336557076706303,0.918577583424685,-0.356916887785608,0.417676494641739,0.428074364925576,-0.401667803140322,0.276945592554169,-0.208960861280947,0.204496357193449,-1.94146287091677,0.274949496714995,-0.651697454996321,-0.281650532977019,-1.74642174723747,-0.680143184640184,-1.35416544214846,-0.790276028689263,-0.76940117501664,-1.27462032251504,0.749575134195202,0.741580282526856,-1.38383353276509,-1.16678837485862,-0.831056126622073,-1.7937701064313,0.994086838607375,0.147958503579286,1.25168334439263,0.298174356780446,-0.212277920386945,0.418009504563889
5,-1.46921691076841,-0.626245651905025,1.06814287906748,-0.164629939871054,-1.64606513861172,-1.21577280468333,-1.22837237626595,1.30083299625602,-1.79836377959989,1.28751914378482,-0.877411067591101,-1.46218784114807,-1.58891292026648,1.20169495718041,0.238028667050755,1.32315781254956,-1.14796451186746,-1.01789490865379,-1.74642174723747,-1.18684985719712,-1.35416544214846,-0.65059497498262,-0.268786436687036,0.571039814071366,-1.2007163965688,0.741580282526856,-0.49219592678888,0.725472499742027,-1.92342101643533,0.963348956106577,-1.19533192482931,0.83997966605998,-0.403649362540819,-0.830982493823119,-0.943593761720004,1.51454852181775
6,1.58196789787524,2.63256466708853,-0.240831987764789,-2.54005126595516,1.7482870687952,1.95637956163462,0.151809740678029,2.03024294523434,1.52569663176255,2.14696392264406,0.93041333732186,2.17418206568388,0.222274157152033,-0.460302709464528,-1.04985269629369,0.274949496714995,0.175414306455569,-0.134401657841665,1.55977129144154,1.8533901781445,0.154400171908516,1.86366399173696,-1.01970854418144,0.201907786754084,-0.0305414781103983,1.59624131531748,-0.715105328282932,-0.220657937558297,1.7438039707949,1.75109725968883,-0.719371324082201,-0.0497618285580557,-0.909445467437152,-0.700695164907323,-0.943593761720004,0.308355602838503
7,0.809981380025639,0.822114489869887,-0.150557859017736,-1.27962362354319,0.355732317038516,0.741512697938382,0.611870446326023,0.836663028724367,0.510011506068473,0.305296539374256,0.740116031541548,1.3836668685465,-0.553948876027331,-0.238703020578535,0.337096464231097,-0.685908126133357,1.33337077248821,0.45459384269975,-0.968493973430644,-0.0045342878976013,-0.599882635119973,0.606534508377169,-0.519093805851838,-1.27462032251504,-0.680638655031732,0.741580282526856,-1.60674293425914,-1.4033209841837,-0.987108253738253,-0.499612179117602,-0.719371324082201,-0.74178299103875,-1.00140839560012,-1.00469893237751,-0.303692400553577,-0.349567807513816
8,3.19946345908391,0.315188440248668,1.02300581469395,1.28970964752738,1.13904436490165,0.539034887322342,1.91537577899534,-1.28525682284892,1.43336162033582,-0.554148239484986,1.02556199021202,1.30461534883276,2.46469625300353,1.20169495718041,1.42684223321486,-0.860609512105785,2.82217194310162,1.63258484378258,1.75425323489324,-1.52465430556841,3.17153140002247,1.72398293803031,-0.268786436687036,0.0173417730954427,2.82988610034347,0.619485849271053,1.06816988366948,1.43507032771727,1.58775184367872,-1.45616369061033,4.32581104383711,2.42174232315871,3.73468240479281,1.34047298810681,3.53571576644498,1.29524071836698
9,-0.109050188842928,-1.13317170152624,-0.73733969587358,0.465583881334935,0.355732317038516,-1.41825061529937,0.84190079915002,-0.0916769063389467,0.140671460361535,0.857796754355197,-0.306519150250166,-1.06693024257938,-0.295207864967543,-1.1251017761225,0.0398930726900708,1.06110573359092,0.671681363326702,-0.134401657841665,0.392879630731299,-1.52465430556841,0.53154157542276,0.606534508377169,0.231828301642568,1.86300190968185,0.749575134195202,-1.21193064956599,0.62235108068138,-0.930255765533541,0.105256636075007,0.963348956106577,1.47004743935448,1.53200082854067,0.469998455007391,-1.04812804201611,0.519037920946114,-0.788183414415361
10,-0.256095239861899,0.315188440248668,1.06814287906748,0.174715963855248,-0.862753090748584,0.606527490861022,-0.38492774924463,-1.21894682748726,-0.321003596772138,-1.29081519279291,-1.16285702626157,-0.434518084869472,0.653509175585013,0.980095268294423,0.53523205859178,-1.12266159106443,-0.486275102705943,1.63258484378258,-0.774012029978938,1.51558572977321,-0.599882635119973,-0.790276028689263,-0.76940117501664,-1.27462032251504,-0.0305414781103983,0.00901368299203895,-0.046377123800776,1.19853771839219,0.807491208097818,-1.45616369061033,0.42293411771085,-1.13722365531343,0.607942847251846,2.03533874232439,-0.39510688072021,-0.349567807513816
11,-0.0722889260881853,-0.191737609372551,-0.601928502753,-0.358541884857511,0.18166297306893,0.606527490861022,-0.231574180695299,-0.555846873870604,0.602346517495208,0.121129801047276,0.549818725761236,-0.276415045441996,-0.640195879713927,0.75849557940843,-1.04985269629369,1.14845642657713,-0.817119807286699,-1.01789490865379,0.00391574382788659,-0.342338736268893,-0.222741231605728,-0.510913921275977,2.23428725496098,1.30930386870593,-0.940677525800265,-0.967741783054384,-0.49219592678888,0.488939890416946,-0.128821554599263,0.850813484166256,-1.00494768453046,-0.544062658901409,-0.495612290703789,0.211316137503248,-0.943593761720004,-0.239913905788429
12,0.0379948621760428,0.930741500503005,0.752183428452793,0.368627908841706,-0.166475714870241,0.201571869628943,-0.308250964969965,0.571423047277706,0.23300647178827,0.243907626598596,-1.16285702626157,-0.0392604863007825,1.51597921245097,0.647695734965434,0.832435450132806,1.06110573359092,0.506259011036324,0.307344967564396,0.392879630731299,-0.173436512083247,-0.788453336877095,-0.65059497498262,-1.01970854418144,-0.351790254221839,0.879594569579469,0.375296982759448,-0.49219592678888,0.252407281091865,0.0272305725169175,-0.443344443147441,0.137357757262587,0.83997966605998,0.607942847251846,0.645607233889235,-0.486521360886842,0.198701701113116
13,0.515891277987698,1.03936851113612,0.210538655970476,-0.164629939871054,0.529801661008101,0.606527490861022,-1.15169559199129,-0.555846873870604,0.787016540348677,0.305296539374256,0.93041333732186,1.85797598682893,-1.1576779018335,-0.238703020578535,-1.44612388501506,-0.336505354188502,-1.14796451186746,-0.72339715838308,-0.385048143075526,0.502172384659336,-1.16559474039134,0.327172400963883,1.73367251663138,-0.351790254221839,-0.940677525800265,-0.113080750263764,0.399441679187328,0.488939890416946,-0.206847618157353,-0.0494702913563158,-0.62417920393278,-0.247482160695397,-1.09337132376309,-0.830982493823119,-0.303692400553577,-0.788183414415361
14,-0.991320494956752,0.677278475692396,0.120264527223423,-0.940277719816885,-0.253510386855034,0.606527490861022,-0.308250964969965,0.836663028724367,-1.24435371103948,0.673630016028217,-0.877411067591101,0.197894072840431,1.60222621613757,0.647695734965434,0.733367652952464,1.5852098915082,0.671681363326702,1.63258484378258,-0.774012029978938,0.502172384659336,-0.788453336877095,0.0478102935505961,0.48213567080737,0.201907786754084,-0.420599784263198,0.49739141601525,2.8514450956219,1.19853771839219,0.729465144539728,0.569474804315452,0.137357757262587,-0.346342326764068,1.9414053056149,0.602178124250636,-0.486521360886842,-0.788183414415361
15,-0.991320494956752,-1.74872476178058,0.300812784717529,0.223193950101862,-0.42757973082462,-1.21577280468333,-1.15169559199129,-0.688466864593934,-0.413338608198872,-0.738314977811966,-0.877411067591101,-1.22503328200685,-0.381454868654139,0.647695734965434,0.436164261411438,1.14845642657713,-0.817119807286699,-1.01789490865379,-0.19056619962382,-0.0045342878976013,-0.41131193336285,-0.371232867569334,-1.01970854418144,0.0173417730954427,-0.160560913494665,-0.35726961677537,-1.60674293425914,-0.220657937558297,-0.284873681715443,-0.837218594938566,-1.10013980467988,-1.13722365531343,0.7458872394963,0.211316137503248,-0.943593761720004,-0.349567807513816
16,-0.403140290880869,-0.408991630638788,-0.376243180885368,-0.503975843597355,0.00759362909934438,0.269064473167623,-0.00154382787130208,0.23987307046938,0.325341483215004,-0.369981501158005,-0.591965108920634,-0.434518084869472,0.394768164525225,0.536895890522438,0.0398930726900708,-0.161803968216074,-0.155430398125187,0.45459384269975,1.17080740453812,1.34668350558756,0.908682978937005,1.30493977691039,-1.77063065167585,-1.27462032251504,1.65971118188507,1.35205244880587,2.18271689113974,1.90813554636743,0.339334826749278,-0.105738027326477,-0.814563444231622,-0.939503323176092,0.7458872394963,0.602178124250636,-0.943593761720004,-0.788183414415361
17,-1.06484302046624,-1.53147074051434,1.02300581469395,0.804929785061236,-1.21089177868776,-0.945802390528614,-0.38492774924463,-0.688466864593934,-1.33668872246622,-1.16803736724159,-1.7337489436025,-1.46218784114807,0.912250186644801,0.204496357193449,0.53523205859178,-1.03531089807821,0.340836658745947,1.04358934324116,0.976325461086418,0.164367936288044,-0.599882635119973,-0.510913921275977,-0.519093805851838,-0.905488295197763,1.139633440348,-0.235175183519567,1.73689808815164,1.43507032771727,0.183282699633098,-0.105738027326477,-0.148218603185676,-0.0497618285580557,0.102146742355513,-0.353262287798534,-0.120863440220313,-0.788183414415361
18,1.32463905859204,1.90838459620107,-0.466517309632421,-1.86135945850256,1.22607903688644,1.6864091474799,0.0751329564033635,1.23452300089436,1.80270166604276,1.53307479488746,1.12071064310217,1.54176990797398,0.222274157152033,0.536895890522438,0.238028667050755,1.49785919852199,-0.817119807286699,1.19083821837652,0.781843517634711,1.34668350558756,2.22867789123686,1.72398293803031,-0.519093805851838,-0.167224240563198,0.749575134195202,1.59624131531748,-0.046377123800776,-0.457190546883378,0.807491208097818,1.0758844280469,-0.243410723335096,-0.840643157107421,-0.173742042133396,0.428461685696242,-0.76076480138674,-0.788183414415361
19,-0.0355276633334426,0.278979436704295,-0.240831987764789,0.611017840074778,-0.514614402809413,0.0665866625515836,0.688547230600688,-0.0916769063389467,0.140671460361535,-0.124425850055365,-0.0210731915796988,-0.434518084869472,-0.812689887087119,-0.238703020578535,-1.84239507373643,0.362300189701209,0.340836658745947,1.19083821837652,-0.385048143075526,0.671074608844982,0.342970873665638,0.746215562083812,1.98397988579618,1.86300190968185,0.0994779572738684,0.619485849271053,-0.046377123800776,1.19853771839219,-0.0507954910411726,-0.38707670717728,-0.719371324082201,0.246818669647956,-0.31168643437785,-0.526978726352928,-0.120863440220313,-0.788183414415361
20,0.111517387685528,-0.553827644816279,0.345949849091055,-1.52201355477626,-0.0794410428854484,1.41643873332518,-0.921665239167289,-0.7547768599556,0.325341483215004,-1.35220410556857,0.45467007287108,1.30461534883276,-0.640195879713927,-0.238703020578535,0.0398930726900708,1.49785919852199,-0.486275102705943,1.63258484378258,-0.19056619962382,1.51558572977321,-0.788453336877095,-1.06963813610255,-0.0184790675222338,-1.45918633617369,-1.07069696118453,0.985769149038462,1.73689808815164,-0.220657937558297,-0.753030063063983,0.00679744461384492,0.232549877412008,-0.840643157107421,-0.725519611111213,-1.17841537093191,0.244794480446217,-0.349567807513816
21,0.0379948621760428,-0.408991630638788,0.255675720344002,-1.27962362354319,-0.340545058839827,0.336557076706303,0.30516330922736,0.505113051916041,-0.043998562491934,0.796407841579537,-0.401667803140322,0.988409269977811,-0.640195879713927,-1.2359016205655,0.931503247313148,1.06110573359092,0.671681363326702,-1.01789490865379,0.587361574183005,-1.52465430556841,1.66296578596549,0.606534508377169,0.231828301642568,0.201907786754084,0.489536263426668,0.375296982759448,-0.046377123800776,-0.220657937558297,0.261308763191188,-1.11855727478937,0.42293411771085,-1.03836348924476,-0.0357976498889412,0.16788702786465,0.884695841612644,2.17247193217007
22,-0.513424079145097,1.4738765536686,-2.36227401332053,-0.9887557060635,0.18166297306893,1.28145352624782,1.14860793624868,0.505113051916041,0.787016540348677,0.980574579906517,1.21585929599233,1.22556382911902,0.0497801497788409,-0.238703020578535,-0.0591747244902711,0.187598803728781,-1.14796451186746,2.07433146918864,-1.74642174723747,-0.84904540882583,-0.788453336877095,-0.0918707601560471,0.48213567080737,-0.351790254221839,-1.2007163965688,0.00901368299203895,-1.16092413127104,0.488939890416946,-1.3772385715287,-1.39989595464017,-1.19533192482931,-0.346342326764068,-1.55318596457794,-0.700695164907323,-0.669350321220107,-0.788183414415361
23,-0.770752918428296,-0.481409637727534,1.06814287906748,0.126237977608633,-1.21089177868776,-0.270876355141816,-1.15169559199129,-0.688466864593934,-0.413338608198872,-0.308592588382345,-1.06770837337141,0.0397910334129555,-1.1576779018335,-0.903502087236512,-0.554513710391981,-1.03531089807821,1.49879312477859,0.307344967564396,0.392879630731299,-0.0045342878976013,0.53154157542276,0.327172400963883,-1.27001591334624,-1.0900543088564,-0.680638655031732,-0.723552916542778,-0.938014729776984,-0.220657937558297,-1.06513431729634,-1.17482501075953,-0.814563444231622,-1.13722365531343,-1.13935278784458,-0.961269822738915,-0.669350321220107,-0.788183414415361
24,0.736458854516154,2.2704746316448,0.977868750320426,-0.310063898610897,0.18166297306893,1.14646831917046,-0.154897396420633,1.30083299625602,0.140671460361535,0.857796754355197,-0.306519150250166,1.22556382911902,0.912250186644801,1.20169495718041,1.42684223321486,-1.03531089807821,-0.982542159577077,1.63258484378258,0.392879630731299,0.502172384659336,-0.41131193336285,0.606534508377169,0.48213567080737,-0.720922281539122,-1.07069696118453,1.22995801555007,-1.60674293425914,0.0158746717667838,1.50972578012063,0.738278012225934,-0.148218603185676,1.03769999819732,-0.587575218866758,0.385032576057643,-0.39510688072021,0.0890477993877298
25,-0.0355276633334426,-1.74872476178058,1.20355407218806,-1.86135945850256,-0.253510386855034,1.6864091474799,-0.538281317793961,-0.489536878508939,-0.78267865390581,-0.369981501158005,-0.877411067591101,-1.77839392000302,0.481015168211821,-1.1251017761225,0.832435450132806,1.06110573359092,-0.320852750415565,-0.72339715838308,0.587361574183005,0.671074608844982,0.154400171908516,-1.06963813610255,0.231828301642568,1.49386988236457,0.489536263426668,-0.723552916542778,-0.269286525294828,-1.16678837485862,0.963543335213998,0.850813484166256,1.18447107890622,-0.840643157107421,1.61953505704451,1.12332743991382,1.98166960361223,-0.788183414415361
26,2.05986431368689,-1.78493376532495,-1.91090336958527,-0.503975843597355,2.27049510070396,0.336557076706303,1.91537577899534,-1.28525682284892,2.4490467460299,-1.35220410556857,1.97704851911357,-0.434518084869472,0.481015168211821,0.980095268294423,-0.257310318850955,-1.29736297703685,0.00999195416519062,1.63258484378258,0.976325461086418,1.51558572977321,1.85153648772262,-0.0918707601560471,-1.01970854418144,-1.27462032251504,1.00961400496374,1.59624131531748,-0.046377123800776,1.19853771839219,2.36801247925962,1.24468763595738,1.37485531920506,-1.13722365531343,0.837850167659269,-1.04812804201611,2.53015648461203,1.9531641287193
27,1.39816158410152,0.85832349341426,-0.240831987764789,-1.86135945850256,1.7482870687952,1.41643873332518,1.30196150479801,1.56607297770269,-0.413338608198872,0.673630016028217,1.02556199021202,0.276945592554169,1.51597921245097,0.980095268294423,1.42684223321486,0.100248110742567,0.83710371561708,-0.281650532977019,0.198397687279593,0.671074608844982,0.342970873665638,0.0478102935505961,1.98397988579618,1.49386988236457,0.0994779572738684,0.49739141601525,0.845260482175432,0.962005109067108,-0.0507954910411726,0.288136124464649,0.232549877412008,1.63086099460935,0.332054062762937,0.298174356780446,-0.39510688072021,-0.349567807513816
28,-1.50597817352315,-1.13317170152624,1.56465058717627,0.707973812568007,-1.99420382655089,-0.810817183451254,-1.45840272908995,-1.28525682284892,-1.70602876817316,-0.861092803363286,-1.44830298493204,-0.276415045441996,-1.41641891289329,-0.903502087236512,-0.455445913211639,-0.598557433147143,-1.14796451186746,-1.01789490865379,-1.16297591688235,-1.01794763301148,-0.977024038634217,-0.929957082395907,-0.0184790675222338,-1.0900543088564,-0.940677525800265,-1.08983621631019,-0.938014729776984,-0.457190546883378,0.417360890307368,-0.274541235236959,-0.62417920393278,-0.544062658901409,-0.725519611111213,0.211316137503248,-0.577935841053475,-0.788183414415361
29,-0.182572714352413,0.749696482781141,-0.331106116511842,0.853407771307851,0.355732317038516,0.539034887322342,-0.231574180695299,-0.157986901700612,0.325341483215004,-1.35220410556857,-0.211370497360011,0.0397910334129555,0.567262171898417,-0.238703020578535,1.12963884167383,-1.12266159106443,0.00999195416519062,2.07433146918864,0.00391574382788659,1.51558572977321,0.342970873665638,1.58430188432367,0.231828301642568,-1.27462032251504,0.359516828042402,0.00901368299203895,-0.938014729776984,-1.16678837485862,-0.206847618157353,-0.780950858968405,-0.148218603185676,-0.74178299103875,0.332054062762937,1.34047298810681,0.793281361446012,-0.788183414415361
30,-1.21188807148521,-1.74872476178058,-0.917887953367685,-0.116151953624439,-0.601649074794205,-0.810817183451254,-0.154897396420633,-0.688466864593934,-0.136333573918669,-0.799703890587626,-0.211370497360011,-1.06693024257938,-0.553948876027331,-0.571102553907524,-1.14892049347403,-1.12266159106443,-1.14796451186746,0.0128472172936886,-0.774012029978938,-1.01794763301148,-0.599882635119973,-0.23155181386269,1.98397988579618,-0.167224240563198,-0.940677525800265,-0.845647349798581,-0.046377123800776,-0.457190546883378,1.58775184367872,-0.612147651057923,-0.528987083783359,0.938839832128651,-0.357667898459335,-0.917840713100316,-0.669350321220107,1.9531641287193
31,-0.586946604654583,0.315188440248668,0.0751274628498965,0.0292820051154044,-0.775718418763791,-1.41825061529937,0.765224014875354,1.23452300089436,-0.413338608198872,-1.35220410556857,-1.35315433204188,-0.829775683438162,1.51597921245097,-1.1251017761225,0.0398930726900708,1.14845642657713,0.671681363326702,1.63258484378258,1.55977129144154,1.51558572977321,2.04010718947974,0.606534508377169,-0.0184790675222338,-1.27462032251504,2.82988610034347,1.59624131531748,2.8514450956219,1.19853771839219,0.105256636075007,-1.11855727478937,0.803702598308534,0.642259333922639,0.7458872394963,-0.917840713100316,-0.669350321220107,1.51454852181775
32,-0.697230392918811,1.18420452531362,1.20355407218806,0.756451798814622,-1.12385710670296,1.82139435455726,-1.15169559199129,0.107253079746049,-1.70602876817316,0.980574579906517,0.074075461310457,1.22556382911902,1.08474419401799,1.20169495718041,0.733367652952464,1.5852098915082,0.83710371561708,1.63258484378258,1.75425323489324,-0.342338736268893,1.47439508420837,1.86366399173696,-0.76940117501664,0.940171841388648,1.5296917465008,1.71833574857328,0.62235108068138,-1.16678837485862,1.89985609791108,-1.11855727478937,0.994086838607375,0.049098337510615,2.21729409010381,2.03533874232439,2.1644985639455,-0.349567807513816
33,0.736458854516154,0.134143422526804,0.436223977838108,0.0292820051154044,0.529801661008101,-0.405861562219175,-0.998342023441955,-1.28525682284892,0.694681528921942,0.121129801047276,0.93041333732186,0.988409269977811,0.308521160838629,1.20169495718041,-0.0591747244902711,1.14845642657713,1.49879312477859,-0.281650532977019,1.75425323489324,-1.01794763301148,0.342970873665638,-0.0918707601560471,-0.519093805851838,1.49386988236457,-1.07069696118453,-1.21193064956599,0.845260482175432,0.252407281091865,-0.753030063063983,0.850813484166256,-0.338602843484517,0.444539001785298,0.148128206436998,0.16788702786465,0.336208960612849,-0.788183414415361
34,-1.39569438525892,-0.481409637727534,1.65492471592332,-0.503975843597355,-1.29792645067255,0.471542283783663,-1.22837237626595,-1.28525682284892,-2.16770382530683,-1.35220410556857,-1.92404624938282,-0.276415045441996,-0.381454868654139,-1.56830115389449,-1.14892049347403,1.75991127748063,0.00999195416519062,1.63258484378258,-0.579530086527232,0.502172384659336,-0.41131193336285,-1.06963813610255,-0.0184790675222338,-0.905488295197763,-0.680638655031732,-1.08983621631019,-0.269286525294828,1.19853771839219,-0.909082190180163,-0.837218594938566,-1.00494768453046,-0.544062658901409,0.0101838141925436,1.7313349748542,-0.76076480138674,-0.788183414415361
35,-0.623707867409325,-0.988335687348753,-0.917887953367685,0.514061867581549,0.18166297306893,-0.945802390528614,0.0751329564033635,-0.489536878508939,-0.228668585345403,-0.615537152260646,0.264372767090769,-0.750724163724424,0.0497801497788409,-1.56830115389449,-0.0591747244902711,-0.511206740160929,-0.982542159577077,-0.428899408112373,1.75425323489324,1.17778128140192,2.22867789123686,0.885896615790456,0.231828301642568,-0.905488295197763,2.3098083588064,0.985769149038462,2.4056262926338,1.19853771839219,-0.362899745273533,0.119332916554166,0.613318358009692,0.049098337510615,0.332054062762937,-0.613836945630125,-0.0294489600536802,-0.678529512689975
36,-0.697230392918811,-0.481409637727534,-1.73035511209116,0.804929785061236,0.442766989023308,1.41643873332518,-0.461604533519296,-1.28525682284892,0.787016540348677,0.980574579906517,1.12071064310217,1.3836668685465,0.0497801497788409,-1.1251017761225,0.832435450132806,-0.947960205091998,-0.486275102705943,0.45459384269975,1.17080740453812,-1.18684985719712,-0.599882635119973,1.58430188432367,-0.0184790675222338,1.30930386870593,-0.680638655031732,-0.113080750263764,0.399441679187328,0.488939890416946,0.495386953865458,1.69482952371867,0.518126237860271,1.63086099460935,0.0561652782740283,-0.917840713100316,2.07308408377887,-0.788183414415361
37,0.258562438704499,0.85832349341426,0.0751274628498965,1.09579770254092,0.00759362909934438,-1.21577280468333,1.07193115197402,1.10190301017103,-0.505673619625607,-0.369981501158005,-0.306519150250166,0.276945592554169,1.51597921245097,-1.1251017761225,0.138960869870413,-1.12266159106443,1.00252606790746,-0.281650532977019,1.36528934798983,1.17778128140192,0.908682978937005,0.187491347257239,-0.0184790675222338,-1.27462032251504,0.879594569579469,1.59624131531748,2.18271689113974,1.19853771839219,-0.518951872389713,0.0630651805840057,0.518126237860271,-0.247482160695397,-0.0357976498889412,-1.04812804201611,0.610452401112747,1.51454852181775
38,-0.807514181183039,-0.30036462000567,0.79732049282632,0.0292820051154044,-1.29792645067255,-0.203383751603136,-0.998342023441955,-0.489536878508939,-0.228668585345403,-0.00164802450404459,-0.877411067591101,-0.11831200601452,-0.640195879713927,-0.460302709464528,-0.257310318850955,0.711702961646064,0.506259011036324,-0.428899408112373,0.00391574382788659,-0.511240960454539,0.720112277179883,-0.0918707601560471,0.48213567080737,0.201907786754084,-0.160560913494665,-0.479364050031173,0.399441679187328,-0.220657937558297,-0.440925808831623,-0.443344443147441,-0.528987083783359,-0.74178299103875,-1.04738985968161,-1.04812804201611,-0.852179281553372,-0.788183414415361
39,-1.02808175771149,-0.481409637727534,0.165401591596949,1.09579770254092,-0.775718418763791,-0.608339372835215,-0.691634886343293,-1.02001684140226,-0.78267865390581,-0.492759326709326,-0.496816456030478,-0.51356960458321,-0.122713857594351,0.204496357193449,-0.158242521670613,-1.21001228405064,0.506259011036324,-0.134401657841665,-0.385048143075526,-0.84904540882583,-0.034170529848606,-0.371232867569334,0.48213567080737,0.755605827730007,0.619555698810935,-0.601458483286975,0.399441679187328,0.0158746717667838,-0.440925808831623,-0.780950858968405,0.232549877412008,-0.544062658901409,-0.31168643437785,-0.744124274545921,-0.0294489600536802,-0.788183414415361
40,0.589413803497183,1.0755775146805,-0.331106116511842,-0.164629939871054,0.616836332992894,0.471542283783663,0.995254367699351,2.03024294523434,-0.136333573918669,1.53307479488746,0.45467007287108,1.30461534883276,1.08474419401799,-1.2359016205655,0.733367652952464,1.32315781254956,-0.155430398125187,-1.01789490865379,-0.774012029978938,-1.52465430556841,-0.222741231605728,1.72398293803031,0.48213567080737,1.49386988236457,0.229497392658135,-1.21193064956599,0.845260482175432,0.0158746717667838,-0.518951872389713,1.69482952371867,-0.433794963633938,1.53200082854067,-0.633556682948243,-0.917840713100316,-0.486521360886842,-0.788183414415361
41,1.9863417881774,-0.0469015951950601,-0.466517309632421,-0.164629939871054,1.13904436490165,-0.000905940987096267,2.222082916094,0.173563075107714,1.06402157462888,-0.124425850055365,1.02556199021202,-0.11831200601452,2.03346123457055,-0.238703020578535,1.03057104449349,-1.29736297703685,2.65674959081124,-0.428899408112373,-0.968493973430644,-0.84904540882583,-0.599882635119973,-0.790276028689263,-1.52032328251105,0.386473800412725,0.359516828042402,-1.08983621631019,-1.38383353276509,-0.693723156208459,0.0272305725169175,-0.780950858968405,0.0421656371131663,-0.544062658901409,0.286072598681452,0.602178124250636,0.701866881279379,-0.349567807513816
42,-0.439901553635612,0.170352426071177,-0.917887953367685,-0.697887788583813,0.529801661008101,1.41643873332518,-0.0782206121459677,1.76500296378768,-0.136333573918669,0.857796754355197,0.45467007287108,-0.9088272031519,-1.2439249055201,1.20169495718041,-1.74332727655608,-0.511206740160929,0.506259011036324,-1.01789490865379,-0.579530086527232,0.502172384659336,-1.16559474039134,-0.790276028689263,0.48213567080737,1.49386988236457,-0.550619219647465,0.741580282526856,-0.269286525294828,-1.4033209841837,0.183282699633098,0.963348956106577,-1.19533192482931,-0.939503323176092,-0.403649362540819,-0.917840713100316,0.153380000279585,0.856625111465434
43,-0.256095239861899,0.85832349341426,-2.9941929145499,0.611017840074778,1.05200969291686,1.82139435455726,1.37863828907268,-1.21894682748726,1.61803164318929,-0.247203675606685,1.12071064310217,-0.51356960458321,-1.58891292026648,0.647695734965434,-1.34705608783472,1.32315781254956,2.32590488623048,0.160096092429042,-0.385048143075526,-1.01794763301148,0.908682978937005,-1.06963813610255,-2.02093802084065,1.30930386870593,-0.290580348878932,-1.21193064956599,-0.715105328282932,-1.16678837485862,-0.675003999505893,1.69482952371867,-1.00494768453046,1.23542033033466,-1.32327864417051,0.602178124250636,-0.669350321220107,-0.788183414415361
44,0.442368752478212,1.4738765536686,0.120264527223423,0.707973812568007,0.442766989023308,0.741512697938382,-0.768311670617958,1.30083299625602,0.971686563202146,2.14696392264406,0.359521419980925,-0.434518084869472,-0.985183894460311,1.20169495718041,0.832435450132806,1.06110573359092,-1.14796451186746,-1.01789490865379,-1.16297591688235,-1.52465430556841,-0.788453336877095,0.606534508377169,0.231828301642568,1.49386988236457,-0.810658090415999,0.00901368299203895,-0.938014729776984,-1.16678837485862,0.105256636075007,1.24468763595738,-0.719371324082201,1.53200082854067,-1.13935278784458,-0.917840713100316,-0.577935841053475,-0.788183414415361
45,0.442368752478212,0.315188440248668,-1.2789844683559,-0.213107926117668,0.442766989023308,-0.945802390528614,1.37863828907268,0.306183065831045,0.694681528921942,0.857796754355197,0.93041333732186,1.3836668685465,0.826003182958205,-1.3467014650085,1.22870663885417,1.49785919852199,0.506259011036324,-0.428899408112373,0.781843517634711,-1.01794763301148,1.09725368069413,-1.06963813610255,0.982750409136974,-0.720922281539122,0.0994779572738684,1.35205244880587,1.06816988366948,1.43507032771727,-0.596977935947803,-1.45616369061033,-0.814563444231622,-0.840643157107421,-0.0357976498889412,-0.830982493823119,1.98166960361223,1.51454852181775
46,1.43492284685626,1.69113057493483,-0.466517309632421,-1.47353556852964,1.05200969291686,1.14646831917046,0.84190079915002,1.30083299625602,1.34102660890908,1.28751914378482,1.12071064310217,1.30461534883276,1.77472022351076,0.315296201636446,0.832435450132806,0.274949496714995,0.671681363326702,1.48533596864723,0.587361574183005,1.51558572977321,0.720112277179883,0.187491347257239,0.982750409136974,0.386473800412725,0.359516828042402,1.59624131531748,1.51398868665759,1.43507032771727,-0.440925808831623,0.00679744461384492,-0.148218603185676,-0.0497618285580557,0.0101838141925436,0.428461685696242,0.610452401112747,1.51454852181775
47,-1.17512680873047,-0.734872662538143,0.707046364079267,-0.9887557060635,-0.862753090748584,-1.21577280468333,-1.30504916054062,0.306183065831045,-0.875013665332545,-0.247203675606685,-1.06770837337141,0.197894072840431,-1.33017190920669,0.980095268294423,0.436164261411438,-1.12266159106443,-1.14796451186746,1.48533596864723,-0.579530086527232,-0.0045342878976013,1.09725368069413,0.746215562083812,-0.268786436687036,-1.27462032251504,0.0994779572738684,0.375296982759448,-1.38383353276509,1.43507032771727,-0.128821554599263,-1.45616369061033,-0.909755564381043,1.23542033033466,0.332054062762937,0.124457918226051,-0.76076480138674,2.17247193217007
48,0.479130015232955,-0.191737609372551,0.391086913464582,1.19275367503415,0.268697645053723,0.876497905015741,-1.07501880771662,-1.21894682748726,0.325341483215004,-1.29081519279291,1.12071064310217,-0.829775683438162,-1.07143089814691,1.86649402383839,-0.950784899113348,-0.947960205091998,-0.982542159577077,0.45459384269975,-0.19056619962382,1.51558572977321,-0.977024038634217,-0.371232867569334,-0.268786436687036,-0.536356267880481,-1.2007163965688,1.59624131531748,-0.938014729776984,-1.16678837485862,-2.00144707999342,-0.780950858968405,-0.433794963633938,-0.445202492832738,0.561961383170361,2.03533874232439,0.153380000279585,-0.788183414415361
49,-1.61626196178738,0.134143422526804,0.210538655970476,0.756451798814622,-1.12385710670296,-1.14828020114465,-0.538281317793961,0.107253079746049,-1.05968368818601,-1.29081519279291,-1.63860029071235,-1.46218784114807,0.394768164525225,1.86649402383839,0.931503247313148,-1.12266159106443,-1.14796451186746,-0.281650532977019,1.17080740453812,0.164367936288044,-0.599882635119973,-0.23155181386269,0.231828301642568,-0.905488295197763,-0.160560913494665,-1.21193064956599,0.176532277693276,0.488939890416946,-0.675003999505893,-1.34362821867001,1.66043167965332,1.63086099460935,1.29766480847412,0.124457918226051,-0.212277920386945,2.17247193217007
50,0.0379948621760428,0.822114489869887,0.707046364079267,1.09579770254092,0.18166297306893,-1.14828020114465,-0.614958102068627,-0.489536878508939,-0.690343642479076,0.121129801047276,-0.116221844469855,0.435048631981645,-0.985183894460311,0.75849557940843,0.832435450132806,-1.12266159106443,0.83710371561708,1.63258484378258,0.00391574382788659,-1.52465430556841,-0.788453336877095,-0.65059497498262,-1.77063065167585,-0.905488295197763,-0.940677525800265,-1.33402508282179,-1.16092413127104,0.252407281091865,0.339334826749278,-1.39989595464017,-0.814563444231622,-0.346342326764068,0.240091134599967,-1.04812804201611,-0.943593761720004,-0.788183414415361
51,0.111517387685528,1.90838459620107,-0.105420794644209,0.320149922595091,0.355732317038516,1.41643873332518,-0.614958102068627,0.173563075107714,-0.413338608198872,-0.124425850055365,1.31100794888248,1.3836668685465,0.0497801497788409,1.20169495718041,0.238028667050755,1.49785919852199,0.506259011036324,0.896340468105811,-1.35745786033406,0.671074608844982,0.154400171908516,1.86366399173696,0.48213567080737,0.0173417730954427,0.359516828042402,-0.601458483286975,1.29107928516354,-1.4033209841837,-0.362899745273533,-1.39989595464017,0.708510478159113,-0.74178299103875,-0.725519611111213,-0.396691397437132,0.153380000279585,-0.788183414415361
52,-1.06484302046624,-1.0607536944375,1.24869113656158,1.43514360626722,-1.29792645067255,-1.08078759760597,-1.15169559199129,-1.28525682284892,-1.52135874531969,-0.861092803363286,-0.972559720481257,-0.987878722865638,0.739756179271609,-0.571102553907524,0.931503247313148,-0.947960205091998,2.65674959081124,1.63258484378258,0.587361574183005,0.502172384659336,-0.599882635119973,-0.65059497498262,-0.76940117501664,0.571039814071366,0.879594569579469,1.59624131531748,1.29107928516354,-0.930255765533541,1.27564758944636,0.963348956106577,-0.0530264830362546,0.345678835716627,0.65392431133333,1.21018565919102,-0.486521360886842,-0.788183414415361
53,0.185039913195013,-0.191737609372551,0.571635170958687,0.514061867581549,-0.0794410428854484,-0.405861562219175,-0.308250964969965,1.30083299625602,0.23300647178827,0.980574579906517,-0.496816456030478,-0.355466565155734,-0.726442883400523,-1.2359016205655,0.138960869870413,-1.12266159106443,-0.651697454996321,-1.01789490865379,-0.579530086527232,0.671074608844982,-0.034170529848606,1.86366399173696,-0.519093805851838,1.86300190968185,-0.160560913494665,-0.113080750263764,0.62235108068138,-1.16678837485862,1.50972578012063,1.24468763595738,-0.62417920393278,0.938839832128651,0.0101838141925436,-0.917840713100316,-0.943593761720004,-0.788183414415361
54,0.258562438704499,0.822114489869887,-0.73733969587358,-1.86135945850256,0.268697645053723,0.943990508554421,0.381840093502026,1.10190301017103,0.510011506068473,0.857796754355197,0.93041333732186,1.06746078969155,0.222274157152033,0.75849557940843,0.436164261411438,1.32315781254956,-0.982542159577077,0.0128472172936886,0.00391574382788659,0.33327016047369,-0.977024038634217,0.327172400963883,-0.0184790675222338,-0.536356267880481,-1.2007163965688,0.131108116247842,-0.715105328282932,0.962005109067108,-0.909082190180163,-0.668415387028084,-1.19533192482931,-0.64292282497008,-1.09337132376309,0.124457918226051,-0.577935841053475,-0.239913905788429
55,-0.256095239861899,0.713487479236769,-0.466517309632421,-1.08571167855673,0.268697645053723,1.82139435455726,-0.231574180695299,1.56607297770269,-0.228668585345403,1.28751914378482,0.549818725761236,-0.276415045441996,-0.467701872340735,1.86649402383839,-0.356378116031297,1.49785919852199,-0.817119807286699,-1.01789490865379,-0.385048143075526,-0.84904540882583,-0.222741231605728,0.746215562083812,-0.0184790675222338,1.49386988236457,0.0994779572738684,1.59624131531748,0.399441679187328,-1.16678837485862,0.105256636075007,0.625742540285613,-0.243410723335096,-0.939503323176092,0.424016990925907,-0.353262287798534,0.244794480446217,-0.788183414415361
56,0.40560748972347,0.966950504047378,0.0751274628498965,0.174715963855248,-0.0794410428854484,0.0665866625515836,-0.0782206121459677,0.107253079746049,0.787016540348677,0.305296539374256,0.264372767090769,0.988409269977811,0.481015168211821,0.0936965127504532,-0.455445913211639,-0.685908126133357,-0.651697454996321,-1.01789490865379,-0.774012029978938,-0.342338736268893,-1.35416544214846,-0.0918707601560471,-0.0184790675222338,1.30930386870593,-0.810658090415999,-0.723552916542778,-0.046377123800776,0.0158746717667838,0.261308763191188,-0.443344443147441,-0.433794963633938,-0.74178299103875,-0.587575218866758,0.689036343527833,1.34176824244581,1.51454852181775
57,0.442368752478212,0.134143422526804,0.0751274628498965,0.320149922595091,0.616836332992894,-0.000905940987096267,0.381840093502026,-0.356916887785608,-0.321003596772138,-0.124425850055365,0.169224114200613,0.118842553126693,0.826003182958205,-1.2359016205655,0.238028667050755,0.274949496714995,-0.320852750415565,-0.72339715838308,1.75425323489324,-0.680143184640184,2.6058192947511,-0.23155181386269,0.48213567080737,0.0173417730954427,-0.420599784263198,-1.08983621631019,1.95980748964569,-0.457190546883378,0.183282699633098,-0.162005763296637,0.42293411771085,-0.445202492832738,0.7458872394963,-0.830982493823119,-0.943593761720004,-0.788183414415361
58,0.40560748972347,0.677278475692396,0.165401591596949,0.0777599913620189,0.268697645053723,1.95637956163462,-0.614958102068627,-0.489536878508939,0.879351551775411,0.857796754355197,0.264372767090769,-0.434518084869472,-0.467701872340735,0.980095268294423,-0.257310318850955,-0.423856047174716,0.83710371561708,-1.01789490865379,1.17080740453812,-1.35575208138277,0.342970873665638,-1.06963813610255,-1.27001591334624,-0.905488295197763,0.619555698810935,0.00901368299203895,-0.269286525294828,-1.4033209841837,-0.284873681715443,-0.724683122998245,0.0421656371131663,-0.0497618285580557,-0.771501075192698,1.21018565919102,0.976110321779276,0.527663406289275
59,-0.660469130164068,-1.13317170152624,0.887594621573373,1.19275367503415,-0.949787762733377,-0.878309786989934,-1.07501880771662,-1.02001684140226,-0.321003596772138,-1.16803736724159,-0.877411067591101,-0.9088272031519,-0.553948876027331,-0.238703020578535,0.832435450132806,-0.0744532752298604,0.506259011036324,-0.72339715838308,-0.968493973430644,-1.01794763301148,-0.977024038634217,-0.929957082395907,0.231828301642568,0.0173417730954427,-0.810658090415999,-1.21193064956599,0.176532277693276,-0.457190546883378,-0.362899745273533,-1.45616369061033,-0.528987083783359,-0.74178299103875,1.06775748806669,0.16788702786465,-0.943593761720004,-0.788183414415361
60,2.2436706274606,1.58250356430172,-1.32412153272942,-0.9887557060635,2.09642575673437,1.82139435455726,1.53199185762201,0.306183065831045,2.17204171174969,0.735018928803877,2.16734582489389,1.3836668685465,0.826003182958205,0.75849557940843,1.12963884167383,-0.773258819119571,1.66421547706897,1.63258484378258,0.781843517634711,1.51558572977321,1.28582438245125,-0.65059497498262,-0.0184790675222338,-0.536356267880481,1.9197500526536,0.741580282526856,0.176532277693276,0.488939890416946,1.50972578012063,-0.274541235236959,1.66043167965332,0.444539001785298,1.38962773663709,2.55648805798757,2.1644985639455,0.418009504563889
61,-0.697230392918811,-0.191737609372551,0.255675720344002,0.271671936348477,-1.03682243471817,-1.21577280468333,-0.844988454892624,0.836663028724367,-0.505673619625607,0.857796754355197,0.359521419980925,0.830306230550335,-1.1576779018335,-1.1251017761225,-1.24798829065437,-0.947960205091998,-0.486275102705943,0.0128472172936886,-0.774012029978938,0.164367936288044,-0.599882635119973,1.86366399173696,0.48213567080737,1.30930386870593,-0.940677525800265,1.59624131531748,-0.269286525294828,-1.16678837485862,-0.362899745273533,1.0758844280469,-0.814563444231622,-0.445202492832738,-0.725519611111213,-1.00469893237751,-0.669350321220107,-0.788183414415361
62,-0.881036706692524,-1.0607536944375,0.120264527223423,0.756451798814622,-0.253510386855034,-0.675831976373895,-0.768311670617958,-0.7547768599556,-0.505673619625607,-0.554148239484986,-0.782262414700946,-1.38313632143433,-0.812689887087119,-0.571102553907524,0.931503247313148,-0.773258819119571,-0.982542159577077,-1.01789490865379,-0.385048143075526,-0.342338736268893,-0.599882635119973,-0.929957082395907,0.982750409136974,0.201907786754084,0.0994779572738684,-0.479364050031173,-1.16092413127104,-0.930255765533541,0.183282699633098,0.850813484166256,-0.909755564381043,-0.74178299103875,-0.495612290703789,-0.440120507075731,-0.943593761720004,-0.568875610964588
63,0.40560748972347,0.749696482781141,-0.692202631500053,-1.13418966480334,0.616836332992894,0.943990508554421,0.84190079915002,0.836663028724367,1.06402157462888,0.121129801047276,-0.306519150250166,0.988409269977811,0.739756179271609,0.647695734965434,0.436164261411438,0.886404347618491,0.83710371561708,0.896340468105811,0.198397687279593,0.839976833030628,0.154400171908516,1.58430188432367,-0.268786436687036,-1.0900543088564,0.619555698810935,1.47414688206167,0.845260482175432,1.19853771839219,0.729465144539728,1.0758844280469,-0.433794963633938,-0.0497618285580557,1.29766480847412,2.03533874232439,0.336208960612849,-0.788183414415361
64,-0.733991655673554,0.315188440248668,-0.285969052138315,-0.552453829843969,0.0946283010841372,-0.000905940987096267,-0.998342023441955,0.173563075107714,-0.78267865390581,0.489463277701236,0.644967378651392,0.514100151695383,-0.898936890773715,0.0936965127504532,0.634299855772122,-0.336505354188502,-0.651697454996321,0.0128472172936886,0.00391574382788659,0.33327016047369,-1.16559474039134,-0.0918707601560471,-0.519093805851838,-0.351790254221839,-1.2007163965688,-0.479364050031173,-0.938014729776984,-0.457190546883378,-0.753030063063983,0.907081220136417,-0.909755564381043,1.53200082854067,-1.00140839560012,-0.00582941068974472,-0.943593761720004,-0.568875610964588
65,-1.87359080107058,0.966950504047378,0.526498106585161,-0.940277719816885,-1.55903046662693,-0.405861562219175,-0.768311670617958,2.03024294523434,-1.05968368818601,1.28751914378482,-2.20949220805328,0.988409269977811,-0.467701872340735,-1.56830115389449,-0.851717101933006,0.449650882687422,-0.817119807286699,-1.01789490865379,-1.74642174723747,-1.01794763301148,-1.35416544214846,1.30493977691039,0.48213567080737,1.30930386870593,-1.2007163965688,1.59624131531748,-0.715105328282932,0.252407281091865,-1.06513431729634,0.231868388494488,-0.528987083783359,0.147958503579286,-0.679538147029728,-1.17841537093191,-0.669350321220107,0.637317308014662
66,-1.72654575005161,-1.13317170152624,1.74519884467038,1.24123166128077,-2.25530784250527,-1.14828020114465,-1.38172594481528,-0.489536878508939,-1.89069879102662,-1.16803736724159,-2.01919490227297,-1.30408480172059,-1.41641891289329,-0.571102553907524,-2.04053066809711,0.449650882687422,-1.14796451186746,-1.01789490865379,-1.16297591688235,-0.84904540882583,-0.977024038634217,-0.790276028689263,-1.01970854418144,0.0173417730954427,-1.33073583195307,-0.723552916542778,-1.16092413127104,-0.693723156208459,-2.00144707999342,0.00679744461384492,-1.10013980467988,-0.64292282497008,-0.495612290703789,0.47189079533484,-0.943593761720004,-0.788183414415361
67,1.76577421164895,1.18420452531362,-0.285969052138315,-0.843321747323656,1.31311370887124,0.809005301477062,0.84190079915002,0.173563075107714,1.80270166604276,0.673630016028217,0.835264684431704,1.69987294740145,0.0497801497788409,-1.1251017761225,0.138960869870413,-1.12266159106443,1.33337077248821,0.601842717835104,1.94873517834495,1.51558572977321,2.6058192947511,1.86366399173696,-1.27001591334624,-0.720922281539122,1.39967231111654,-0.235175183519567,0.62235108068138,0.725472499742027,1.58775184367872,1.24468763595738,-0.243410723335096,-0.148621994626726,0.65392431133333,0.515319904973439,1.6160116829457,0.198701701113116
68,1.83929673715843,1.03936851113612,-0.872750888994159,1.38666562002061,1.57421772482562,0.606527490861022,1.99205256327,0.438803056554376,0.602346517495208,0.857796754355197,1.78675121333326,1.3836668685465,0.0497801497788409,-1.1251017761225,0.53523205859178,1.32315781254956,2.49132723852086,-0.428899408112373,1.94873517834495,-1.01794763301148,1.85153648772262,0.885896615790456,-0.76940117501664,1.49386988236457,1.39967231111654,-0.723552916542778,-0.938014729776984,-0.220657937558297,2.13393428858535,1.24468763595738,0.327741997561429,2.42174232315871,-1.13935278784458,-1.17841537093191,0.519037920946114,1.29524071836698
69,0.111517387685528,0.134143422526804,1.6097876515498,0.465583881334935,-0.0794410428854484,0.539034887322342,-0.998342023441955,-0.290606892423943,-1.33668872246622,-0.308592588382345,-0.401667803140322,-0.592621124296948,1.17099119770459,1.20169495718041,1.32777443603452,-0.860609512105785,-0.155430398125187,-0.281650532977019,0.392879630731299,0.839976833030628,0.53154157542276,-0.0918707601560471,-1.52032328251105,-0.536356267880481,-0.550619219647465,-0.967741783054384,0.176532277693276,-0.457190546883378,-0.518951872389713,0.231868388494488,-1.00494768453046,0.049098337510615,-0.449630826622304,1.34047298810681,-0.943593761720004,-0.788183414415361
70,-0.733991655673554,-1.53147074051434,1.38410232968216,-0.213107926117668,-1.29792645067255,-1.41825061529937,-0.0782206121459677,1.69869296842602,-1.79836377959989,-0.124425850055365,-1.44830298493204,-1.46218784114807,1.34348520507778,-1.56830115389449,0.733367652952464,-1.12266159106443,-0.155430398125187,-1.01789490865379,-0.385048143075526,1.51558572977321,-0.222741231605728,-1.06963813610255,0.48213567080737,-1.0900543088564,0.489536263426668,1.71833574857328,0.845260482175432,1.90813554636743,0.573413017423548,1.75109725968883,-0.719371324082201,1.23542033033466,0.883831631740754,0.124457918226051,-0.212277920386945,1.9531641287193
71,0.515891277987698,-1.09696269798187,1.47437645842922,0.0292820051154044,-1.03682243471817,-0.405861562219175,0.381840093502026,-0.7547768599556,-0.598008631052341,-0.554148239484986,-0.496816456030478,-0.592621124296948,-0.122713857594351,-0.571102553907524,0.0398930726900708,1.06110573359092,1.16794842019784,-0.72339715838308,1.36528934798983,-0.84904540882583,1.09725368069413,-0.790276028689263,-0.519093805851838,0.201907786754084,1.39967231111654,-1.08983621631019,0.845260482175432,-0.457190546883378,-0.518951872389713,-1.34362821867001,1.5652395595039,-0.64292282497008,0.240091134599967,-0.830982493823119,0.336208960612849,-0.678529512689975
72,0.0747561249307854,-0.553827644816279,-0.0151466658971564,0.465583881334935,0.355732317038516,-0.405861562219175,-0.614958102068627,-0.7547768599556,0.417676494641739,-0.738314977811966,0.169224114200613,0.118842553126693,-0.381454868654139,-0.238703020578535,-1.24798829065437,1.14845642657713,1.00252606790746,-1.01789490865379,1.17080740453812,-0.0045342878976013,1.47439508420837,-0.790276028689263,-2.02093802084065,-0.536356267880481,2.17978892342214,-0.35726961677537,0.399441679187328,1.19853771839219,-0.206847618157353,-0.330808971207119,-0.528987083783359,-0.840643157107421,-0.357667898459335,-0.179545849244139,0.336208960612849,-0.239913905788429
73,-0.145811451597671,-0.408991630638788,1.06814287906748,-1.13418966480334,-0.0794410428854484,-0.405861562219175,-0.538281317793961,0.505113051916041,-0.690343642479076,0.857796754355197,-1.16285702626157,0.276945592554169,1.25723820139118,-1.2359016205655,1.32777443603452,0.886404347618491,0.00999195416519062,-1.01789490865379,0.392879630731299,1.17778128140192,1.66296578596549,-1.06963813610255,-1.01970854418144,0.755605827730007,0.0994779572738684,1.71833574857328,-0.269286525294828,1.43507032771727,0.963543335213998,-0.330808971207119,0.0421656371131663,-0.840643157107421,0.65392431133333,1.12332743991382,-0.943593761720004,2.17247193217007
74,0.111517387685528,0.713487479236769,-1.14357327523532,-0.697887788583813,-0.0794410428854484,0.606527490861022,0.995254367699351,0.505113051916041,0.971686563202146,0.550852190476896,0.549818725761236,0.435048631981645,-0.812689887087119,-0.349502865021532,-1.74332727655608,0.449650882687422,-0.320852750415565,0.307344967564396,-0.19056619962382,0.164367936288044,1.28582438245125,0.187491347257239,1.23305777830178,0.940171841388648,1.139633440348,-0.113080750263764,2.62853569412785,0.725472499742027,0.495386953865458,-0.218273499266798,1.75562379980274,-0.247482160695397,-0.771501075192698,-0.396691397437132,1.06752480194591,-0.239913905788429
75,-0.623707867409325,1.03936851113612,-1.41439566147648,-0.9887557060635,0.79090567696248,1.82139435455726,-0.691634886343293,1.30083299625602,0.602346517495208,1.28751914378482,0.740116031541548,0.197894072840431,-0.898936890773715,-1.2359016205655,-3.03120863990053,-0.511206740160929,1.66421547706897,-1.01789490865379,0.392879630731299,-1.52465430556841,1.28582438245125,1.86366399173696,0.231828301642568,1.49386988236457,0.619555698810935,-1.08983621631019,0.399441679187328,-1.16678837485862,-2.62565558845814,0.850813484166256,3.18350560204406,1.63086099460935,-0.449630826622304,-1.00469893237751,-0.852179281553372,-0.788183414415361
76,-2.02063585208955,-1.49526173696997,1.20355407218806,-1.13418966480334,-2.34234251449006,-0.810817183451254,-1.38172594481528,-1.21894682748726,-1.98303380245336,-1.35220410556857,-1.44830298493204,-0.829775683438162,0.308521160838629,-1.56830115389449,-0.554513710391981,1.32315781254956,-0.651697454996321,2.07433146918864,0.198397687279593,1.68448795395886,0.154400171908516,-0.0918707601560471,-0.76940117501664,-1.27462032251504,-0.550619219647465,-0.967741783054384,-0.715105328282932,1.90813554636743,-0.440925808831623,-1.11855727478937,-0.719371324082201,-1.13722365531343,-1.13935278784458,1.34047298810681,-0.486521360886842,1.51454852181775
77,0.221801175949756,0.134143422526804,0.345949849091055,1.38666562002061,0.529801661008101,-0.135891148064456,-0.691634886343293,-0.88739685067893,0.325341483215004,0.243907626598596,-0.211370497360011,-1.30408480172059,1.17099119770459,-1.3467014650085,0.138960869870413,0.886404347618491,-0.982542159577077,-1.01789490865379,0.198397687279593,0.164367936288044,0.908682978937005,-1.06963813610255,0.231828301642568,1.30930386870593,-0.550619219647465,-1.33402508282179,-0.715105328282932,-1.4033209841837,-0.362899745273533,0.0630651805840057,-0.62417920393278,-1.03836348924476,-0.679538147029728,-1.04812804201611,-0.39510688072021,-0.788183414415361
78,-0.733991655673554,0.85832349341426,-0.647065567126527,0.998841730047694,0.00759362909934438,1.41643873332518,-0.614958102068627,-0.157986901700612,-0.228668585345403,1.28751914378482,0.45467007287108,-0.0392604863007825,-1.84765393132627,1.20169495718041,-1.34705608783472,-0.511206740160929,-0.320852750415565,-1.01789490865379,-1.74642174723747,-1.18684985719712,-0.977024038634217,-1.06963813610255,0.48213567080737,-0.905488295197763,-1.07069696118453,1.35205244880587,0.176532277693276,-1.16678837485862,-1.22118644441252,1.24468763595738,-1.00494768453046,-0.148621994626726,-0.771501075192698,-0.917840713100316,0.0619655201129522,1.51454852181775
79,1.43492284685626,-0.626245651905025,-1.59494391897058,-0.213107926117668,2.09642575673437,-0.203383751603136,1.22528472052335,-0.224296897062277,1.34102660890908,-0.247203675606685,1.88189986622342,-0.434518084869472,0.308521160838629,-0.571102553907524,-0.950784899113348,-0.249154661202288,1.66421547706897,0.0128472172936886,1.55977129144154,-0.84904540882583,0.342970873665638,-0.23155181386269,0.231828301642568,0.201907786754084,1.65971118188507,-0.967741783054384,-0.046377123800776,-0.930255765533541,-0.362899745273533,-0.724683122998245,-0.433794963633938,-1.03836348924476,0.424016990925907,-0.136116739605541,0.610452401112747,-0.239913905788429
80,0.111517387685528,-0.408991630638788,-0.105420794644209,-0.164629939871054,0.703871004977687,-1.21577280468333,0.535193662051357,0.23987307046938,0.0483364489348005,-0.247203675606685,-0.972559720481257,1.22556382911902,0.739756179271609,0.204496357193449,0.238028667050755,1.49785919852199,-0.155430398125187,-1.01789490865379,0.976325461086418,-1.52465430556841,-0.034170529848606,-0.929957082395907,1.73367251663138,-1.45918633617369,0.0994779572738684,0.49739141601525,0.399441679187328,1.43507032771727,0.105256636075007,-0.780950858968405,-0.528987083783359,0.74111949999131,1.15972041622966,0.124457918226051,0.610452401112747,1.51454852181775
81,0.589413803497183,-0.191737609372551,-0.0602837302706828,0.0777599913620189,-0.0794410428854484,0.336557076706303,1.07193115197402,-0.688466864593934,0.325341483215004,-0.308592588382345,0.074075461310457,0.0397910334129555,0.739756179271609,0.536895890522438,-0.158242521670613,0.187598803728781,-0.155430398125187,-0.870646033518434,-1.16297591688235,-1.18684985719712,-0.788453336877095,-0.510913921275977,0.48213567080737,1.30930386870593,-1.33073583195307,-0.967741783054384,-0.269286525294828,0.252407281091865,-1.53329069864488,0.0630651805840057,0.803702598308534,-0.346342326764068,1.11373895214818,1.34047298810681,0.793281361446012,0.637317308014662
82,-0.145811451597671,-1.4590527334256,0.66190929970574,-1.81288147225595,-0.601649074794205,0.943990508554421,-0.231574180695299,-1.28525682284892,-0.598008631052341,-1.29081519279291,-0.211370497360011,-0.9088272031519,-0.726442883400523,1.86649402383839,-1.24798829065437,1.5852098915082,-0.486275102705943,-1.01789490865379,-1.35745786033406,-0.84904540882583,-0.977024038634217,-0.929957082395907,2.48459462412579,0.201907786754084,-1.07069696118453,-0.113080750263764,-1.38383353276509,-1.4033209841837,-1.92342101643533,-1.7937701064313,-0.243410723335096,-0.346342326764068,-1.50720450049645,2.03533874232439,-0.943593761720004,1.9531641287193
83,0.40560748972347,-0.155528605828178,0.300812784717529,1.09579770254092,0.0946283010841372,-0.135891148064456,0.30516330922736,-0.0916769063389467,0.0483364489348005,-0.983870628914607,-0.116221844469855,-0.829775683438162,-0.295207864967543,0.869295423851426,-0.0591747244902711,-1.29736297703685,-0.651697454996321,-0.72339715838308,0.392879630731299,0.164367936288044,0.720112277179883,0.606534508377169,-0.519093805851838,-0.536356267880481,1.5296917465008,0.863674715782659,-0.49219592678888,-0.457190546883378,0.807491208097818,0.231868388494488,0.42293411771085,2.42174232315871,-0.817482539274182,0.124457918226051,-0.943593761720004,-0.788183414415361
84,-0.660469130164068,-0.0106925916506873,-0.285969052138315,-0.116151953624439,-0.166475714870241,-0.135891148064456,-0.538281317793961,-0.0253669109772814,0.0483364489348005,-0.00164802450404459,-0.306519150250166,0.118842553126693,-0.812689887087119,0.980095268294423,0.0398930726900708,1.06110573359092,-0.817119807286699,-0.72339715838308,0.00391574382788659,-0.0045342878976013,-0.034170529848606,-0.371232867569334,0.231828301642568,0.201907786754084,0.0994779572738684,-0.113080750263764,-0.269286525294828,0.252407281091865,0.573413017423548,0.288136124464649,0.232549877412008,-0.148621994626726,-0.633556682948243,-0.440120507075731,-0.943593761720004,-0.788183414415361
85,0.295323701459242,-1.64009775114746,-0.0602837302706828,1.62905555125368,0.18166297306893,-1.41825061529937,0.611870446326023,-1.28525682284892,0.0483364489348005,-1.35220410556857,-0.116221844469855,-1.5412393608618,-0.122713857594351,-1.3467014650085,0.238028667050755,-0.598557433147143,0.00999195416519062,-1.01789490865379,-0.579530086527232,-0.680143184640184,-0.41131193336285,-0.790276028689263,0.732443039972172,-0.536356267880481,-0.290580348878932,-1.21193064956599,0.176532277693276,-0.693723156208459,-0.831056126622073,-0.724683122998245,-0.814563444231622,-1.13722365531343,0.102146742355513,-0.961269822738915,-0.0294489600536802,-0.788183414415361
86,0.626175066251926,0.170352426071177,-0.917887953367685,0.514061867581549,0.529801661008101,-1.14828020114465,0.151809740678029,-0.224296897062277,1.34102660890908,-1.16803736724159,1.40615660177264,0.197894072840431,-0.553948876027331,1.86649402383839,-0.851717101933006,-0.947960205091998,-0.320852750415565,1.48533596864723,0.392879630731299,1.51558572977321,0.342970873665638,-1.06963813610255,-0.519093805851838,-1.45918633617369,0.749575134195202,0.741580282526856,0.399441679187328,1.43507032771727,-0.206847618157353,0.907081220136417,-0.719371324082201,-0.840643157107421,-1.32327864417051,-0.917840713100316,-0.39510688072021,-0.788183414415361
87,0.258562438704499,-0.408991630638788,0.0751274628498965,-0.213107926117668,-0.0794410428854484,0.809005301477062,0.611870446326023,-0.489536878508939,-0.136333573918669,0.857796754355197,-0.0210731915796988,0.197894072840431,0.0497801497788409,-1.1251017761225,1.12963884167383,1.75991127748063,-0.155430398125187,-1.01789490865379,1.17080740453812,-1.35575208138277,0.908682978937005,-0.510913921275977,1.23305777830178,1.86300190968185,0.489536263426668,-0.113080750263764,-0.046377123800776,-0.930255765533541,1.27564758944636,0.231868388494488,0.803702598308534,-0.840643157107421,-0.0357976498889412,0.0375996989488539,1.70742616311234,0.418009504563889
88,0.40560748972347,1.69113057493483,-0.692202631500053,1.19275367503415,0.616836332992894,1.41643873332518,0.535193662051357,-0.555846873870604,0.510011506068473,-0.738314977811966,0.644967378651392,1.22556382911902,-0.122713857594351,1.20169495718041,-0.653581507572323,1.32315781254956,0.83710371561708,1.63258484378258,0.00391574382788659,-0.84904540882583,0.908682978937005,1.86366399173696,0.982750409136974,-1.45918633617369,0.749575134195202,1.59624131531748,0.62235108068138,-1.16678837485862,-0.128821554599263,-1.11855727478937,0.0421656371131663,0.147958503579286,1.29766480847412,1.34047298810681,1.06752480194591,1.29524071836698
89,2.53776072949854,0.85832349341426,-1.91090336958527,-0.45549785735074,3.05380714856709,0.876497905015741,2.222082916094,-0.0916769063389467,2.17204171174969,0.243907626598596,2.26249447778404,1.14651230940529,1.60222621613757,0.315296201636446,0.931503247313148,-0.0744532752298604,1.00252606790746,-0.281650532977019,1.75425323489324,0.33327016047369,2.22867789123686,0.606534508377169,1.23305777830178,1.49386988236457,1.9197500526536,0.375296982759448,-0.046377123800776,0.0158746717667838,2.36801247925962,0.40067159640497,1.66043167965332,-0.544062658901409,0.469998455007391,-1.04812804201611,-0.120863440220313,0.198701701113116
90,-1.35893312250418,-1.13317170152624,1.42923939405569,1.28970964752738,-1.29792645067255,-1.14828020114465,-1.38172594481528,-1.08632683676393,-1.52135874531969,-0.922481716138946,-1.82889759649266,-0.987878722865638,0.222274157152033,-0.127903176135539,0.337096464231097,-0.0744532752298604,-0.155430398125187,0.0128472172936886,-0.968493973430644,-0.680143184640184,-0.599882635119973,-0.929957082395907,-0.0184790675222338,-0.720922281539122,-1.2007163965688,-1.08983621631019,-1.16092413127104,-0.693723156208459,1.19762152588827,-0.330808971207119,-0.62417920393278,-0.544062658901409,2.17131262602233,0.819323672443629,0.519037920946114,-0.788183414415361
91,-0.807514181183039,1.58250356430172,0.526498106585161,1.62905555125368,-0.42757973082462,-1.14828020114465,-1.07501880771662,-0.489536878508939,-0.78267865390581,-0.124425850055365,-0.591965108920634,0.435048631981645,-0.640195879713927,1.20169495718041,-0.554513710391981,-0.947960205091998,-0.982542159577077,-0.134401657841665,-1.74642174723747,1.51558572977321,-1.16559474039134,1.30493977691039,-0.519093805851838,-1.27462032251504,-1.33073583195307,0.985769149038462,-0.49219592678888,1.43507032771727,-1.06513431729634,1.52602631580818,-1.00494768453046,-1.13722365531343,-0.863464003355667,-0.961269822738915,-0.943593761720004,0.418009504563889
92,-0.660469130164068,-1.49526173696997,0.345949849091055,1.53209957876045,-1.29792645067255,-1.21577280468333,1.07193115197402,-1.28525682284892,-0.875013665332545,-1.35220410556857,-1.44830298493204,-1.30408480172059,2.29220224563034,-1.1251017761225,0.138960869870413,-0.423856047174716,2.82217194310162,-0.72339715838308,1.75425323489324,-0.680143184640184,-0.034170529848606,-0.929957082395907,-1.01970854418144,-0.905488295197763,2.43982779419067,-0.967741783054384,-0.715105328282932,-0.220657937558297,2.21196035214344,-0.780950858968405,2.23158440054985,-0.74178299103875,1.75747944928896,-0.0492585203283433,2.98722888544519,-0.130260004063043
93,0.993787693799352,-0.481409637727534,1.24869113656158,-1.03723369231011,0.268697645053723,-1.21577280468333,-0.231574180695299,1.76500296378768,0.325341483215004,2.14696392264406,-0.401667803140322,-0.671672644010686,1.68847321982416,-0.903502087236512,1.32777443603452,-1.12266159106443,1.16794842019784,-1.01789490865379,0.198397687279593,0.33327016047369,-0.788453336877095,-1.06963813610255,0.231828301642568,1.30930386870593,0.489536263426668,1.71833574857328,1.73689808815164,1.43507032771727,2.21196035214344,-1.45616369061033,0.708510478159113,-1.13722365531343,0.0561652782740283,-1.04812804201611,0.976110321779276,1.51454852181775
94,-1.46921691076841,-1.35042572279248,-3.6712488801528,-2.39461730721532,0.355732317038516,-0.0683985445257761,1.07193115197402,0.23987307046938,1.15635658605561,0.121129801047276,1.02556199021202,0.355997112267907,-1.93390093501287,-1.2359016205655,-4.616293394786,-0.598557433147143,-0.651697454996321,0.896340468105811,-1.16297591688235,0.33327016047369,-0.222741231605728,0.746215562083812,3.23551673162019,0.201907786754084,-0.550619219647465,0.741580282526856,0.62235108068138,0.488939890416946,-0.831056126622073,-0.724683122998245,-0.433794963633938,-0.939503323176092,-1.59916742865942,-0.570407835991527,-0.486521360886842,-0.788183414415361
95,1.21435527032781,0.315188440248668,0.571635170958687,-1.08571167855673,0.18166297306893,-0.0683985445257761,0.688547230600688,1.76500296378768,0.787016540348677,0.366685452149916,0.074075461310457,-0.276415045441996,2.37844924931693,-0.238703020578535,1.03057104449349,0.62435226865985,-0.155430398125187,0.160096092429042,-0.579530086527232,0.164367936288044,-0.41131193336285,-0.0918707601560471,-0.76940117501664,0.0173417730954427,-0.0305414781103983,-0.113080750263764,-0.49219592678888,0.962005109067108,0.105256636075007,0.0630651805840057,0.137357757262587,0.642259333922639,1.43560920071857,1.07989833027522,1.15893928211254,0.856625111465434
96,-0.329617765371384,-1.02454469089313,0.526498106585161,0.998841730047694,-1.38496112265734,-0.608339372835215,-0.998342023441955,-1.28525682284892,1.06402157462888,-0.799703890587626,-0.306519150250166,-0.829775683438162,-1.58891292026648,-0.571102553907524,0.0398930726900708,-0.860609512105785,-0.982542159577077,-1.01789490865379,-1.55193980378576,-1.35575208138277,-1.35416544214846,-1.06963813610255,-0.519093805851838,-0.167224240563198,-0.680638655031732,-0.967741783054384,-1.60674293425914,-1.16678837485862,0.183282699633098,-1.11855727478937,-1.00494768453046,-1.13722365531343,-1.55318596457794,-0.961269822738915,0.0619655201129522,-0.788183414415361
97,0.479130015232955,0.315188440248668,1.51951352280274,1.09579770254092,-0.514614402809413,-0.405861562219175,-0.614958102068627,-0.489536878508939,-0.598008631052341,-0.369981501158005,-0.0210731915796988,0.197894072840431,-0.381454868654139,0.315296201636446,0.138960869870413,0.449650882687422,0.506259011036324,0.160096092429042,0.00391574382788659,-0.511240960454539,0.154400171908516,-0.371232867569334,-0.76940117501664,0.0173417730954427,-0.0305414781103983,-0.967741783054384,-0.269286525294828,1.43507032771727,0.807491208097818,0.625742540285613,-0.338602843484517,1.82858132674669,0.286072598681452,1.12332743991382,-0.303692400553577,1.51454852181775
98,-0.660469130164068,0.206561429615549,0.887594621573373,0.804929785061236,-0.862753090748584,-0.0683985445257761,-0.538281317793961,-0.489536878508939,-0.875013665332545,-0.247203675606685,-1.06770837337141,-0.11831200601452,-0.553948876027331,0.536895890522438,1.22870663885417,-0.773258819119571,-1.14796451186746,-0.134401657841665,-0.968493973430644,-0.342338736268893,-0.788453336877095,-0.790276028689263,-0.268786436687036,-0.905488295197763,-0.810658090415999,0.00901368299203895,-0.269286525294828,-0.457190546883378,-0.518951872389713,0.794545748196095,-1.10013980467988,-0.64292282497008,0.148128206436998,0.515319904973439,-0.943593761720004,0.308355602838503
99,0.773220117270896,0.315188440248668,-0.105420794644209,0.320149922595091,0.79090567696248,-1.21577280468333,1.07193115197402,0.23987307046938,0.879351551775411,-0.308592588382345,-0.877411067591101,-0.592621124296948,0.394768164525225,0.647695734965434,1.12963884167383,-0.947960205091998,0.506259011036324,-1.01789490865379,-0.579530086527232,0.671074608844982,-1.16559474039134,-1.06963813610255,-1.27001591334624,-0.351790254221839,-0.680638655031732,-0.723552916542778,-0.49219592678888,1.19853771839219,0.495386953865458,0.963348956106577,-0.338602843484517,-0.840643157107421,-0.357667898459335,-0.961269822738915,-0.852179281553372,-0.239913905788429
100,-1.35893312250418,-1.74872476178058,-3.58097475140575,-0.843321747323656,0.703871004977687,-0.270876355141816,1.37863828907268,-1.21894682748726,0.879351551775411,-1.35220410556857,0.644967378651392,-0.987878722865638,-0.381454868654139,-1.56830115389449,-1.44612388501506,1.06110573359092,-0.486275102705943,1.63258484378258,-0.579530086527232,-0.342338736268893,0.154400171908516,-1.06963813610255,2.73490199329059,-0.536356267880481,-0.0305414781103983,-0.601458483286975,0.62235108068138,1.43507032771727,-0.362899745273533,0.288136124464649,-0.814563444231622,-0.148621994626726,0.240091134599967,1.21018565919102,-0.120863440220313,-0.788183414415361
101,0.0747561249307854,0.315188440248668,-0.511654374005947,-1.13418966480334,0.703871004977687,1.41643873332518,-0.461604533519296,1.56607297770269,0.510011506068473,1.28751914378482,0.549818725761236,-1.77839392000302,-1.1576779018335,1.20169495718041,-0.752649304752664,1.49785919852199,-1.14796451186746,-1.01789490865379,-0.579530086527232,-1.01794763301148,-0.599882635119973,1.30493977691039,-0.0184790675222338,1.30930386870593,-0.940677525800265,-0.113080750263764,-0.49219592678888,-1.4033209841837,-0.987108253738253,1.24468763595738,4.04023468338884,1.82858132674669,-0.863464003355667,1.12332743991382,-0.943593761720004,0.418009504563889
102,-0.586946604654583,0.315188440248668,0.887594621573373,0.853407771307851,-0.775718418763791,0.539034887322342,-1.45840272908995,-0.489536878508939,-1.33668872246622,2.14696392264406,0.644967378651392,-0.0392604863007825,-0.812689887087119,0.75849557940843,1.12963884167383,-1.12266159106443,-0.982542159577077,-1.01789490865379,0.198397687279593,-1.18684985719712,-0.034170529848606,0.746215562083812,-0.519093805851838,1.30930386870593,-0.290580348878932,1.59624131531748,-0.715105328282932,-1.16678837485862,0.417360890307368,1.52602631580818,-0.243410723335096,1.82858132674669,-0.403649362540819,-0.830982493823119,-0.39510688072021,-0.788183414415361
103,0.40560748972347,0.966950504047378,0.300812784717529,-1.13418966480334,0.18166297306893,-1.41825061529937,0.535193662051357,1.69869296842602,0.0483364489348005,0.550852190476896,-0.496816456030478,0.988409269977811,2.46469625300353,-1.2359016205655,0.733367652952464,1.14845642657713,0.506259011036324,1.63258484378258,-0.774012029978938,1.34668350558756,-0.222741231605728,-0.790276028689263,-0.519093805851838,0.201907786754084,-0.0305414781103983,-0.723552916542778,0.399441679187328,1.43507032771727,0.339334826749278,-1.45616369061033,-0.719371324082201,-0.64292282497008,-0.31168643437785,-0.917840713100316,-0.212277920386945,-0.788183414415361
104,-0.109050188842928,-0.95212668380438,-0.556791438379474,-1.86135945850256,-0.0794410428854484,1.14646831917046,0.535193662051357,-0.489536878508939,0.0483364489348005,-0.738314977811966,0.264372767090769,-0.11831200601452,-0.381454868654139,-0.903502087236512,-0.356378116031297,1.06110573359092,-0.486275102705943,-0.134401657841665,-0.579530086527232,-1.01794763301148,0.154400171908516,-0.929957082395907,1.23305777830178,0.755605827730007,0.0994779572738684,-1.08983621631019,-0.269286525294828,1.43507032771727,-0.206847618157353,-0.162005763296637,-0.148218603185676,0.74111949999131,-0.817482539274182,1.34047298810681,0.976110321779276,1.51454852181775
105,-1.28541059699469,-1.35042572279248,1.15841700781453,-1.27962362354319,-1.8201344825813,-0.945802390528614,-1.15169559199129,0.505113051916041,-0.78267865390581,0.243907626598596,-1.54345163782219,-1.46218784114807,-0.122713857594351,-0.571102553907524,1.03057104449349,0.274949496714995,-0.817119807286699,-0.870646033518434,-1.35745786033406,0.164367936288044,-1.16559474039134,-1.06963813610255,0.231828301642568,1.86300190968185,-1.07069696118453,-0.113080750263764,-0.49219592678888,-0.457190546883378,-0.128821554599263,1.0758844280469,-0.719371324082201,-1.13722365531343,-0.31168643437785,-0.917840713100316,-0.943593761720004,0.527663406289275
106,-0.991320494956752,-1.31421671924811,0.0751274628498965,-0.503975843597355,0.00759362909934438,-1.21577280468333,-1.07501880771662,-1.28525682284892,-0.228668585345403,-1.35220410556857,-1.16285702626157,-1.77839392000302,1.51597921245097,1.20169495718041,1.5259100303952,-1.12266159106443,0.506259011036324,1.63258484378258,0.781843517634711,1.51558572977321,-1.16559474039134,-1.06963813610255,-1.01970854418144,0.201907786754084,1.65971118188507,-1.21193064956599,0.399441679187328,1.43507032771727,1.66577790723681,-1.11855727478937,0.42293411771085,-1.13722365531343,1.80346091337045,2.03533874232439,-0.943593761720004,-0.678529512689975
107,2.57452199225329,0.242770433159922,-1.36925859710295,0.514061867581549,2.00939108474958,-1.21577280468333,2.98885075884066,1.76500296378768,1.61803164318929,0.550852190476896,1.97704851911357,0.197894072840431,1.60222621613757,-1.3467014650085,1.03057104449349,-1.12266159106443,0.83710371561708,-1.01789490865379,0.976325461086418,1.51558572977321,-0.034170529848606,1.30493977691039,-0.0184790675222338,1.49386988236457,1.39967231111654,-0.967741783054384,0.62235108068138,1.90813554636743,1.43169971656254,1.52602631580818,1.5652395595039,1.03769999819732,-0.725519611111213,-1.17841537093191,2.71298544494529,-0.788183414415361
108,2.05986431368689,-0.408991630638788,-0.376243180885368,-1.27962362354319,1.48718305284082,-0.608339372835215,2.452113268918,-0.555846873870604,1.24869159748235,-1.35220410556857,0.169224114200613,1.30461534883276,1.51597921245097,-0.903502087236512,0.53523205859178,-1.12266159106443,0.671681363326702,0.45459384269975,-0.385048143075526,1.8533901781445,0.154400171908516,-0.0918707601560471,-1.01970854418144,-1.27462032251504,1.65971118188507,0.00901368299203895,1.29107928516354,1.19853771839219,1.97788216146917,0.231868388494488,1.5652395595039,-0.840643157107421,0.883831631740754,-0.830982493823119,1.70742616311234,-0.788183414415361
109,0.515891277987698,-0.0106925916506873,-1.59494391897058,0.174715963855248,1.22607903688644,-0.203383751603136,0.918577583424685,-1.28525682284892,1.34102660890908,-1.16803736724159,0.835264684431704,1.54176990797398,0.0497801497788409,-0.460302709464528,0.0398930726900708,-0.947960205091998,0.671681363326702,2.07433146918864,0.198397687279593,1.51558572977321,-0.034170529848606,1.30493977691039,1.23305777830178,-1.0900543088564,-0.550619219647465,0.00901368299203895,-0.269286525294828,1.19853771839219,1.82183003435299,-0.274541235236959,0.803702598308534,-1.13722365531343,1.11373895214818,-0.830982493823119,2.25591304411213,-0.788183414415361
110,0.479130015232955,0.0979344189824311,0.255675720344002,0.611017840074778,-0.42757973082462,-1.21577280468333,0.0751329564033635,1.76500296378768,-0.321003596772138,1.53307479488746,1.40615660177264,-1.30408480172059,0.136027153465437,1.20169495718041,0.238028667050755,-0.423856047174716,-0.486275102705943,-1.01789490865379,-0.774012029978938,-0.511240960454539,-0.222741231605728,1.58430188432367,-1.27001591334624,1.30930386870593,-0.680638655031732,-1.33402508282179,-0.046377123800776,-1.4033209841837,-1.45526463508679,1.69482952371867,0.898894718457954,1.63086099460935,-0.725519611111213,-1.04812804201611,0.153380000279585,-0.788183414415361
111,-0.844275443937782,-0.95212668380438,0.616772235332214,-0.164629939871054,-0.340545058839827,-0.608339372835215,-0.231574180695299,-0.157986901700612,-1.70602876817316,-0.615537152260646,-1.06770837337141,-0.355466565155734,0.136027153465437,0.204496357193449,-0.653581507572323,0.100248110742567,-0.155430398125187,0.0128472172936886,0.781843517634711,0.502172384659336,-0.41131193336285,-0.790276028689263,-1.52032328251105,0.0173417730954427,0.879594569579469,0.00901368299203895,-0.715105328282932,-0.220657937558297,-0.284873681715443,-0.0494702913563158,0.327741997561429,-0.247482160695397,-0.863464003355667,-0.526978726352928,-0.943593761720004,-0.568875610964588
112,-0.586946604654583,-1.31421671924811,0.120264527223423,1.09579770254092,-0.42757973082462,-1.01329499406729,-0.00154382787130208,-0.88739685067893,-0.598008631052341,-1.16803736724159,-0.68711376181079,-1.14598176229311,0.222274157152033,0.315296201636446,0.337096464231097,1.32315781254956,0.671681363326702,-0.281650532977019,-0.774012029978938,-0.511240960454539,-0.977024038634217,-0.790276028689263,0.231828301642568,0.0173417730954427,0.229497392658135,-0.479364050031173,-0.269286525294828,-0.220657937558297,-0.518951872389713,-0.330808971207119,-0.719371324082201,-1.13722365531343,0.883831631740754,1.21018565919102,-0.943593761720004,-0.788183414415361
113,0.773220117270896,0.0979344189824311,-1.23384740398237,0.223193950101862,1.13904436490165,0.876497905015741,1.37863828907268,-0.489536878508939,0.694681528921942,-1.35220410556857,0.93041333732186,-1.30408480172059,-0.122713857594351,1.86649402383839,-0.653581507572323,-1.29736297703685,0.00999195416519062,-0.134401657841665,0.392879630731299,0.33327016047369,0.720112277179883,-1.06963813610255,0.982750409136974,-1.27462032251504,0.749575134195202,-1.33402508282179,0.845260482175432,-0.220657937558297,-1.06513431729634,-1.34362821867001,0.42293411771085,1.53200082854067,0.332054062762937,2.03533874232439,0.153380000279585,1.51454852181775
114,-1.39569438525892,-0.879708676715634,1.29382820093511,1.38666562002061,-1.38496112265734,-0.608339372835215,-1.15169559199129,-0.88739685067893,-1.70602876817316,-1.04525954169027,-1.63860029071235,-1.30408480172059,-0.726442883400523,0.980095268294423,1.12963884167383,1.14845642657713,-0.982542159577077,-0.72339715838308,-0.774012029978938,-0.0045342878976013,-0.41131193336285,-0.23155181386269,-0.519093805851838,-0.905488295197763,-1.07069696118453,0.00901368299203895,-0.49219592678888,-0.220657937558297,-0.440925808831623,0.682010276255774,-0.719371324082201,-0.148621994626726,-1.32327864417051,-0.570407835991527,-0.852179281553372,-0.788183414415361
115,-1.39569438525892,-0.30036462000567,1.02300581469395,0.0292820051154044,-1.8201344825813,0.134079266090263,-1.38172594481528,-1.21894682748726,-1.52135874531969,0.121129801047276,-0.496816456030478,0.197894072840431,-0.381454868654139,-0.349502865021532,0.138960869870413,-0.0744532752298604,0.340836658745947,0.601842717835104,1.55977129144154,0.839976833030628,0.154400171908516,-0.510913921275977,-1.77063065167585,-0.536356267880481,0.229497392658135,1.59624131531748,-0.715105328282932,-0.220657937558297,0.0272305725169175,1.69482952371867,-0.814563444231622,0.147958503579286,0.240091134599967,2.03533874232439,0.153380000279585,1.29524071836698
116,-0.182572714352413,-0.95212668380438,0.0751274628498965,1.38666562002061,-0.340545058839827,-1.14828020114465,-0.0782206121459677,-0.953706846040596,-0.136333573918669,-0.983870628914607,-0.0210731915796988,-0.829775683438162,-0.295207864967543,-0.571102553907524,1.03057104449349,-0.947960205091998,0.00999195416519062,0.45459384269975,-0.385048143075526,0.164367936288044,-0.599882635119973,0.0478102935505961,-0.76940117501664,-0.720922281539122,-0.810658090415999,-0.723552916542778,-0.938014729776984,-0.457190546883378,-1.06513431729634,-1.45616369061033,-0.62417920393278,-0.64292282497008,0.148128206436998,0.385032576057643,0.244794480446217,-0.788183414415361
117,0.368846226968727,-1.78493376532495,1.113279943441,1.62905555125368,-0.601649074794205,-1.48574321883805,-0.461604533519296,-1.28525682284892,-0.321003596772138,-1.35220410556857,0.169224114200613,-1.77839392000302,0.0497801497788409,0.536895890522438,0.436164261411438,-0.249154661202288,1.00252606790746,-0.72339715838308,0.392879630731299,-0.342338736268893,0.342970873665638,-0.929957082395907,-0.76940117501664,-0.536356267880481,-0.420599784263198,-1.21193064956599,-1.16092413127104,-0.930255765533541,-1.29921250797061,-0.612147651057923,-0.433794963633938,-0.544062658901409,-1.09337132376309,-0.830982493823119,-0.486521360886842,-0.788183414415361
118,0.920265168289867,-0.155528605828178,0.165401591596949,0.223193950101862,0.18166297306893,-0.135891148064456,0.611870446326023,-1.28525682284892,0.694681528921942,-1.16803736724159,0.359521419980925,1.69987294740145,1.60222621613757,-1.2359016205655,1.12963884167383,1.5852098915082,0.506259011036324,1.63258484378258,-0.968493973430644,0.839976833030628,0.154400171908516,0.0478102935505961,0.732443039972172,-1.27462032251504,0.0994779572738684,0.741580282526856,-0.046377123800776,-1.16678837485862,0.573413017423548,-1.45616369061033,0.232549877412008,-1.13722365531343,1.84944237745193,-0.917840713100316,1.79884064327897,-0.788183414415361
119,0.185039913195013,0.242770433159922,-0.331106116511842,0.0292820051154044,-0.340545058839827,0.201571869628943,0.458516877776692,0.438803056554376,0.602346517495208,-0.369981501158005,0.359521419980925,-0.0392604863007825,-0.0364668539077551,-0.349502865021532,-0.653581507572323,0.449650882687422,-0.486275102705943,-0.281650532977019,-0.385048143075526,-0.511240960454539,-0.034170529848606,-1.06963813610255,-0.519093805851838,0.201907786754084,-0.420599784263198,-0.35726961677537,-0.49219592678888,-0.930255765533541,-0.440925808831623,-0.612147651057923,0.708510478159113,0.444539001785298,0.332054062762937,0.906181891720827,-0.943593761720004,-0.788183414415361
120,0.809981380025639,0.85832349341426,0.210538655970476,0.756451798814622,0.442766989023308,-0.135891148064456,0.0751329564033635,-0.224296897062277,0.23300647178827,-0.0630369372797047,0.835264684431704,0.909357750264073,0.136027153465437,1.09089511273742,0.238028667050755,-0.511206740160929,-0.320852750415565,-0.870646033518434,-0.968493973430644,-1.52465430556841,-0.977024038634217,-1.06963813610255,0.231828301642568,-0.536356267880481,-0.940677525800265,-1.33402508282179,0.176532277693276,-1.4033209841837,-0.675003999505893,-0.38707670717728,-1.00494768453046,-0.840643157107421,-0.909445467437152,-1.17841537093191,-0.943593761720004,-0.788183414415361
121,1.14083274481832,1.0755775146805,-0.0151466658971564,0.320149922595091,1.48718305284082,0.876497905015741,-0.461604533519296,-1.02001684140226,0.602346517495208,0.366685452149916,1.31100794888248,1.30461534883276,0.998497190331397,0.426096046079442,1.22870663885417,-0.947960205091998,-0.486275102705943,-1.01789490865379,-0.968493973430644,-0.511240960454539,-0.599882635119973,-0.371232867569334,-1.27001591334624,-0.536356267880481,-0.810658090415999,-1.21193064956599,-0.938014729776984,-0.457190546883378,0.0272305725169175,0.513207068345292,-0.433794963633938,-0.64292282497008,0.424016990925907,-0.222974958882738,-0.577935841053475,-0.788183414415361
122,1.17759400757307,1.90838459620107,-0.73733969587358,-1.23114563729657,2.18346042871916,1.6864091474799,-0.38492774924463,1.69869296842602,1.98737168889623,0.857796754355197,0.644967378651392,0.830306230550335,0.998497190331397,0.204496357193449,0.832435450132806,-0.860609512105785,-0.651697454996321,-0.134401657841665,1.36528934798983,1.68448795395886,0.53154157542276,1.30493977691039,-1.52032328251105,-0.536356267880481,1.5296917465008,1.71833574857328,-0.49219592678888,0.488939890416946,1.66577790723681,1.52602631580818,0.137357757262587,0.83997966605998,0.699905775414815,1.34047298810681,0.610452401112747,2.17247193217007
123,-0.366379028126127,-0.734872662538143,1.42923939405569,1.62905555125368,-0.775718418763791,-0.810817183451254,-1.22837237626595,-1.02001684140226,-0.690343642479076,-0.799703890587626,-0.877411067591101,-1.30408480172059,-0.208960861280947,-0.571102553907524,1.32777443603452,-1.03531089807821,-0.982542159577077,-1.01789490865379,0.587361574183005,-0.0045342878976013,-0.222741231605728,-0.65059497498262,-0.519093805851838,-0.720922281539122,-0.550619219647465,-0.967741783054384,-0.938014729776984,-0.693723156208459,-0.362899745273533,-0.38707670717728,-0.814563444231622,-0.148621994626726,-1.09337132376309,-0.744124274545921,-0.486521360886842,0.198701701113116
124,0.368846226968727,0.242770433159922,0.887594621573373,0.271671936348477,-0.514614402809413,0.336557076706303,-0.154897396420633,-0.290606892423943,0.417676494641739,-0.124425850055365,-0.591965108920634,-0.0392604863007825,1.34348520507778,1.20169495718041,1.62497782757554,-0.685908126133357,-0.982542159577077,0.749091592970457,-1.94090369068918,-0.84904540882583,-1.35416544214846,-1.06963813610255,-0.268786436687036,-0.351790254221839,-1.33073583195307,-0.723552916542778,-1.60674293425914,-0.220657937558297,0.495386953865458,-0.162005763296637,0.327741997561429,-0.74178299103875,0.469998455007391,0.16788702786465,-0.303692400553577,-0.0206061023376565
125,0.295323701459242,1.4738765536686,0.391086913464582,0.756451798814622,-0.340545058839827,1.41643873332518,0.381840093502026,-1.21894682748726,0.140671460361535,-1.35220410556857,-0.306519150250166,1.06746078969155,-0.295207864967543,-1.2359016205655,0.436164261411438,-0.860609512105785,2.49132723852086,2.07433146918864,0.587361574183005,1.51558572977321,-0.034170529848606,1.30493977691039,-0.519093805851838,-1.27462032251504,0.359516828042402,-0.235175183519567,1.06816988366948,-1.16678837485862,0.729465144539728,-1.7937701064313,-0.0530264830362546,-1.13722365531343,1.02177602398521,2.55648805798757,0.244794480446217,-0.788183414415361
126,-0.697230392918811,-0.191737609372551,1.113279943441,0.320149922595091,-0.862753090748584,-1.21577280468333,-0.921665239167289,1.30083299625602,-0.875013665332545,0.857796754355197,-1.16285702626157,-0.0392604863007825,-1.50266591657989,0.980095268294423,-1.44612388501506,-0.0744532752298604,-0.982542159577077,-1.01789490865379,0.00391574382788659,0.839976833030628,-0.977024038634217,1.30493977691039,-0.0184790675222338,1.30930386870593,-0.680638655031732,0.741580282526856,-0.49219592678888,1.19853771839219,-1.06513431729634,0.850813484166256,-0.528987083783359,1.53200082854067,-1.46122303641497,-1.17841537093191,-0.852179281553372,-0.788183414415361
127,-1.28541059699469,-0.553827644816279,-0.0602837302706828,-0.0191959811312101,-1.12385710670296,-0.675831976373895,-1.07501880771662,0.836663028724367,-0.78267865390581,2.14696392264406,0.169224114200613,0.988409269977811,-1.50266591657989,0.75849557940843,-2.13959846527745,-1.12266159106443,-1.14796451186746,-1.01789490865379,-1.74642174723747,-1.35575208138277,-0.599882635119973,-1.06963813610255,-0.268786436687036,-1.27462032251504,-1.33073583195307,1.59624131531748,-1.38383353276509,0.488939890416946,-1.61131676220297,-0.612147651057923,-1.19533192482931,0.938839832128651,-1.369260108252,-0.440120507075731,-0.943593761720004,0.856625111465434
128,-0.55018534189984,-0.0469015951950601,-0.466517309632421,-0.164629939871054,-0.775718418763791,0.0665866625515836,-1.15169559199129,1.56607297770269,-1.15201869961275,2.14696392264406,3.02368370090529,0.355997112267907,-1.50266591657989,1.20169495718041,-1.64425947937574,-1.12266159106443,-1.14796451186746,0.45459384269975,-1.74642174723747,-1.01794763301148,-1.35416544214846,1.30493977691039,-0.268786436687036,1.30930386870593,-1.33073583195307,1.47414688206167,-1.60674293425914,-1.4033209841837,-0.284873681715443,1.75109725968883,0.232549877412008,1.63086099460935,-1.13935278784458,-0.830982493823119,-0.943593761720004,-0.788183414415361
129,-0.844275443937782,-1.13317170152624,1.24869113656158,-0.940277719816885,-1.12385710670296,1.82139435455726,-0.614958102068627,-1.08632683676393,-1.33668872246622,-0.308592588382345,-1.44830298493204,0.830306230550335,1.34348520507778,-0.903502087236512,1.03057104449349,-1.12266159106443,-0.486275102705943,-0.281650532977019,0.976325461086418,-0.342338736268893,1.47439508420837,1.72398293803031,-1.01970854418144,-1.0900543088564,0.0994779572738684,0.741580282526856,-0.269286525294828,-0.220657937558297,-0.0507954910411726,-0.780950858968405,0.898894718457954,1.23542033033466,3.27486776397796,2.03533874232439,0.793281361446012,-0.788183414415361
130,-0.256095239861899,-0.408991630638788,-0.376243180885368,-1.03723369231011,0.00759362909934438,0.471542283783663,-0.308250964969965,0.23987307046938,-0.136333573918669,-0.247203675606685,0.644967378651392,0.0397910334129555,-0.985183894460311,0.204496357193449,-0.455445913211639,-0.511206740160929,-0.982542159577077,0.45459384269975,-1.74642174723747,-0.84904540882583,-0.977024038634217,-0.65059497498262,0.732443039972172,0.940171841388648,-0.420599784263198,-0.967741783054384,0.176532277693276,-0.220657937558297,-0.831056126622073,0.00679744461384492,0.327741997561429,-0.939503323176092,-0.0357976498889412,-0.570407835991527,-0.943593761720004,-0.788183414415361
131,0.40560748972347,-0.95212668380438,-0.0151466658971564,-1.13418966480334,0.268697645053723,-1.41825061529937,0.381840093502026,-0.0916769063389467,0.417676494641739,-0.554148239484986,-0.116221844469855,1.06746078969155,-0.0364668539077551,-1.3467014650085,-0.455445913211639,1.06110573359092,0.506259011036324,-1.01789490865379,-0.385048143075526,-1.18684985719712,0.720112277179883,-1.06963813610255,1.23305777830178,0.201907786754084,0.229497392658135,-0.967741783054384,0.399441679187328,1.43507032771727,-0.206847618157353,-1.39989595464017,0.327741997561429,0.83997966605998,-0.127760578051911,-1.04812804201611,-0.39510688072021,2.17247193217007
132,1.83929673715843,2.2704746316448,-1.36925859710295,1.09579770254092,1.66125239681041,0.336557076706303,2.222082916094,1.23452300089436,1.34102660890908,1.53307479488746,1.69160256044311,2.17418206568388,0.222274157152033,-1.3467014650085,-0.0591747244902711,-0.947960205091998,-1.14796451186746,-0.281650532977019,1.17080740453812,-0.680143184640184,0.154400171908516,1.86366399173696,2.23428725496098,0.940171841388648,-0.810658090415999,1.59624131531748,0.62235108068138,-0.930255765533541,-0.362899745273533,-1.7937701064313,1.27966319905564,-0.148621994626726,0.561961383170361,-0.830982493823119,1.15893928211254,-0.788183414415361
133,0.626175066251926,1.40145854657985,-1.32412153272942,-1.81288147225595,0.616836332992894,0.876497905015741,1.76202221044601,2.03024294523434,0.787016540348677,0.796407841579537,0.740116031541548,1.30461534883276,-0.467701872340735,-0.017103331692543,-0.554513710391981,-0.860609512105785,0.340836658745947,-0.428899408112373,0.00391574382788659,-0.84904540882583,-1.16559474039134,-0.510913921275977,0.732443039972172,-0.905488295197763,-0.810658090415999,-0.601458483286975,1.95980748964569,-0.220657937558297,-0.206847618157353,-0.274541235236959,0.708510478159113,1.23542033033466,-0.449630826622304,-0.179545849244139,0.701866881279379,0.527663406289275
134,-0.991320494956752,-1.31421671924811,-0.647065567126527,-0.0191959811312101,-0.514614402809413,-0.608339372835215,1.22528472052335,-0.821086855317265,-1.24435371103948,-0.554148239484986,-0.877411067591101,-0.671672644010686,-0.208960861280947,-0.349502865021532,-0.0591747244902711,0.711702961646064,1.49879312477859,-0.134401657841665,0.976325461086418,-0.511240960454539,0.908682978937005,-0.371232867569334,0.48213567080737,-0.536356267880481,0.749575134195202,-0.723552916542778,0.399441679187328,-0.457190546883378,0.651439080981638,-0.780950858968405,-0.0530264830362546,-0.74178299103875,0.699905775414815,-0.657266055268724,0.519037920946114,0.198701701113116
135,-0.95455923220201,0.677278475692396,0.436223977838108,1.09579770254092,-0.862753090748584,-0.203383751603136,-0.538281317793961,-0.489536878508939,-0.967348676759279,-1.35220410556857,-0.782262414700946,-1.46218784114807,-0.985183894460311,0.980095268294423,-0.257310318850955,-1.12266159106443,-1.14796451186746,2.07433146918864,-0.774012029978938,1.51558572977321,-0.977024038634217,1.30493977691039,1.48336514746658,-1.27462032251504,-1.2007163965688,1.59624131531748,-0.046377123800776,-1.4033209841837,-1.61131676220297,1.52602631580818,-0.814563444231622,-1.13722365531343,-1.04738985968161,-1.00469893237751,-0.943593761720004,-0.788183414415361
136,0.295323701459242,-0.336573623550042,-1.91090336958527,-1.52201355477626,0.616836332992894,0.269064473167623,1.68534542617134,0.107253079746049,0.879351551775411,0.243907626598596,1.12071064310217,0.751254710836597,-0.208960861280947,0.0936965127504532,-1.64425947937574,1.75991127748063,0.340836658745947,-0.72339715838308,-0.579530086527232,0.33327016047369,0.720112277179883,-0.65059497498262,1.73367251663138,0.571039814071366,0.489536263426668,-0.479364050031173,0.399441679187328,0.488939890416946,-0.831056126622073,0.119332916554166,0.0421656371131663,-0.346342326764068,0.469998455007391,0.211316137503248,0.519037920946114,0.746971209740048
137,-0.219333977107156,0.966950504047378,0.120264527223423,-1.03723369231011,0.00759362909934438,1.95637956163462,-0.614958102068627,-0.688466864593934,-0.136333573918669,0.366685452149916,0.074075461310457,0.909357750264073,-1.50266591657989,0.204496357193449,-0.653581507572323,1.06110573359092,0.175414306455569,0.307344967564396,-0.385048143075526,1.51558572977321,-0.034170529848606,-1.06963813610255,0.732443039972172,-1.27462032251504,-0.550619219647465,1.71833574857328,2.4056262926338,0.0158746717667838,-0.0507954910411726,-1.45616369061033,-0.148218603185676,-1.13722365531343,0.0561652782740283,1.34047298810681,-0.943593761720004,-0.788183414415361
138,0.846742642780382,1.03936851113612,-0.511654374005947,-0.794843761077042,1.13904436490165,1.41643873332518,0.458516877776692,0.306183065831045,1.34102660890908,0.489463277701236,0.074075461310457,0.672203191122859,0.567262171898417,1.86649402383839,-0.158242521670613,1.32315781254956,-0.982542159577077,0.45459384269975,-0.385048143075526,0.671074608844982,0.154400171908516,-0.0918707601560471,0.231828301642568,-0.351790254221839,-0.160560913494665,0.253202549503645,0.845260482175432,0.0158746717667838,0.807491208097818,0.850813484166256,0.994086838607375,0.74111949999131,1.84944237745193,1.7313349748542,1.25035376227917,0.746971209740048
139,-0.733991655673554,0.170352426071177,1.29382820093511,-1.13418966480334,-0.601649074794205,0.539034887322342,-1.15169559199129,0.505113051916041,-1.42902373389295,0.243907626598596,-1.06770837337141,0.435048631981645,-0.553948876027331,-0.460302709464528,-0.653581507572323,0.362300189701209,-0.817119807286699,-0.428899408112373,0.587361574183005,0.33327016047369,0.342970873665638,-0.0918707601560471,-1.01970854418144,-0.167224240563198,-0.550619219647465,0.00901368299203895,-0.269286525294828,0.252407281091865,-0.987108253738253,-0.612147651057923,-0.0530264830362546,1.03769999819732,-0.21972350621488,0.0810288085874525,-0.303692400553577,-0.788183414415361
140,0.662936329006668,-1.13317170152624,-1.00816208211474,-0.45549785735074,0.442766989023308,0.943990508554421,1.99205256327,0.505113051916041,0.602346517495208,0.796407841579537,0.264372767090769,-1.46218784114807,1.51597921245097,-1.2359016205655,0.138960869870413,-0.423856047174716,2.49132723852086,-1.01789490865379,1.75425323489324,-1.35575208138277,2.98296069826535,-1.06963813610255,0.48213567080737,1.30930386870593,2.82988610034347,0.00901368299203895,2.4056262926338,0.962005109067108,2.05590822502726,-0.105738027326477,3.65946620279116,-0.840643157107421,2.53916433867421,-0.830982493823119,2.89581440527856,2.17247193217007
141,-0.844275443937782,-1.4590527334256,0.66190929970574,0.853407771307851,-0.862753090748584,-1.14828020114465,-1.30504916054062,-1.15263683212559,-0.875013665332545,-1.10664845446593,-0.116221844469855,-0.671672644010686,-0.208960861280947,-0.460302709464528,1.32777443603452,0.274949496714995,-0.982542159577077,-0.134401657841665,0.587361574183005,0.33327016047369,0.342970873665638,-0.65059497498262,0.732443039972172,-0.167224240563198,0.489536263426668,-0.967741783054384,-0.49219592678888,-0.930255765533541,-0.0507954910411726,0.682010276255774,-0.243410723335096,0.147958503579286,-0.173742042133396,0.298174356780446,-0.943593761720004,-0.788183414415361
142,2.28043189021535,0.242770433159922,-0.692202631500053,0.756451798814622,1.13904436490165,-1.14828020114465,2.14540613181933,-0.356916887785608,1.71036665461602,-1.16803736724159,1.69160256044311,0.0397910334129555,-0.295207864967543,1.20169495718041,-0.950784899113348,-0.947960205091998,1.16794842019784,1.19083821837652,1.36528934798983,1.51558572977321,1.28582438245125,-0.929957082395907,-0.76940117501664,-0.536356267880481,1.5296917465008,-0.601458483286975,-0.49219592678888,1.43507032771727,1.04156939877209,-0.724683122998245,1.0892789587568,1.63086099460935,-0.587575218866758,0.385032576057643,-0.577935841053475,1.51454852181775
143,0.95702643104461,-0.372782627094415,-1.05329914648826,1.24123166128077,2.18346042871916,-0.338368958680495,-0.0782206121459677,-1.02001684140226,1.24869159748235,-0.431370413933665,1.12071064310217,-0.9088272031519,-0.0364668539077551,0.647695734965434,-0.752649304752664,-0.423856047174716,0.671681363326702,-0.576148283247726,1.55977129144154,0.502172384659336,0.53154157542276,-0.510913921275977,-1.01970854418144,-1.0900543088564,0.879594569579469,-0.479364050031173,0.845260482175432,-0.220657937558297,0.573413017423548,-0.162005763296637,0.898894718457954,-0.346342326764068,0.286072598681452,0.0375996989488539,-0.303692400553577,-0.459221709239202
144,0.0747561249307854,0.930741500503005,-0.331106116511842,-0.940277719816885,0.79090567696248,-0.405861562219175,0.30516330922736,1.56607297770269,-0.505673619625607,2.14696392264406,0.169224114200613,0.276945592554169,-1.76140692763967,-1.56830115389449,-1.14892049347403,-1.29736297703685,-1.14796451186746,-0.281650532977019,-1.16297591688235,-0.0045342878976013,-0.599882635119973,1.58430188432367,0.48213567080737,1.30930386870593,-1.07069696118453,-1.08983621631019,-0.715105328282932,-1.16678837485862,-0.987108253738253,1.69482952371867,-1.19533192482931,2.42174232315871,-1.55318596457794,-1.04812804201611,-0.943593761720004,-0.788183414415361
145,0.258562438704499,0.85832349341426,-0.376243180885368,1.24123166128077,0.79090567696248,-0.878309786989934,-0.0782206121459677,0.438803056554376,-0.043998562491934,0.980574579906517,0.740116031541548,1.3836668685465,-0.381454868654139,-1.2359016205655,-0.851717101933006,-1.12266159106443,-0.486275102705943,-1.01789490865379,0.976325461086418,-0.680143184640184,-0.788453336877095,1.58430188432367,-1.01970854418144,1.30930386870593,-0.290580348878932,-1.08983621631019,-0.715105328282932,-1.16678837485862,0.417360890307368,1.52602631580818,0.232549877412008,1.03769999819732,-0.265704970296365,-1.04812804201611,0.153380000279585,-0.788183414415361
146,-0.513424079145097,0.85832349341426,-0.240831987764789,-0.213107926117668,-0.514614402809413,-0.203383751603136,-0.691634886343293,1.69869296842602,0.510011506068473,2.14696392264406,0.074075461310457,-0.0392604863007825,-1.76140692763967,0.980095268294423,-0.455445913211639,1.32315781254956,-0.817119807286699,-1.01789490865379,-1.16297591688235,-1.01794763301148,-1.35416544214846,0.606534508377169,0.231828301642568,1.49386988236457,-1.2007163965688,-0.479364050031173,-1.16092413127104,-1.4033209841837,-1.45526463508679,0.963348956106577,-0.528987083783359,0.74111949999131,-1.64514889274091,-0.830982493823119,-0.943593761720004,-0.788183414415361
147,-0.0722889260881853,0.242770433159922,0.481361042211635,0.756451798814622,-0.166475714870241,-1.41825061529937,-0.231574180695299,1.56607297770269,-0.321003596772138,2.14696392264406,-0.401667803140322,-0.276415045441996,-1.41641891289329,1.86649402383839,-0.455445913211639,1.32315781254956,-0.982542159577077,-1.01789490865379,-0.19056619962382,-1.01794763301148,0.342970873665638,-1.06963813610255,0.48213567080737,0.940171841388648,-0.160560913494665,1.59624131531748,-0.715105328282932,1.19853771839219,-0.128821554599263,1.24468763595738,-0.0530264830362546,1.03769999819732,-1.09337132376309,-1.17841537093191,0.610452401112747,1.9531641287193
148,-1.68978448729686,-1.27800771570374,1.47437645842922,1.48362159251384,-1.99420382655089,-0.878309786989934,-1.45840272908995,-1.28525682284892,-1.89069879102662,-1.29081519279291,-1.54345163782219,-1.22503328200685,-0.985183894460311,-0.238703020578535,-0.356378116031297,1.06110573359092,-0.982542159577077,-1.01789490865379,0.392879630731299,-0.173436512083247,-0.977024038634217,-0.929957082395907,1.73367251663138,0.386473800412725,-0.940677525800265,-0.845647349798581,0.62235108068138,0.0158746717667838,-1.29921250797061,-0.499612179117602,-0.719371324082201,-0.64292282497008,-0.0357976498889412,-0.266404068521336,0.519037920946114,-0.459221709239202
149,0.111517387685528,0.315188440248668,-0.73733969587358,1.24123166128077,0.616836332992894,-1.48574321883805,-0.308250964969965,0.107253079746049,1.15635658605561,-1.29081519279291,0.359521419980925,-1.30408480172059,-0.898936890773715,1.20169495718041,0.337096464231097,-1.12266159106443,-0.982542159577077,1.63258484378258,-0.19056619962382,1.51558572977321,-0.41131193336285,1.86366399173696,-0.519093805851838,0.0173417730954427,-1.2007163965688,0.253202549503645,-1.16092413127104,1.43507032771727,0.495386953865458,0.682010276255774,-0.909755564381043,-1.13722365531343,-0.633556682948243,0.906181891720827,-0.943593761720004,1.51454852181775
